Item Number,Description,MSRP,Dealer Price,Dealer Shipping Cost,Dealer MAP,Item Status,Discontinued,Brand,Country of Origin,UPC,Ship Type,Profit,Margin
G1195,"12-1/2"" x 3/4"" x 1/8"" HSS Planer Knives - Set of 2 for G1017",$119.95,$17.95,16.99,,Unavailable,FALSE,Grizzly,TW,690550011955,Parcel,$85.01,70.87%
W1721,7' Rails & Legs Only,$195.00,$68.45,18.99,,Available,FALSE,Shop Fox,TW,754001007215,Parcel,$107.56,55.16%
D3393,Elliptical Jig For Planer/Moulder,$299.00,$139.51,21.99,,Available,FALSE,Shop Fox,TW,769433433938,Parcel,$137.50,45.99%
D3304,Compact Super Heavy-Duty Workbench Leg System,$189.00,$94.29,18.99,,Available,FALSE,Shop Fox,CN,769433433044,Parcel,$75.72,40.06%
T32860,5C Collet Block Set,$71.95,$29.37,16.99,,Unavailable,FALSE,Grizzly,TW,690550145827,Parcel,$25.59,35.57%
D4594,"4"" x 1-1/8"" Handheld Pneumatic Drum Sander",$89.95,$41.70,16.99,,Available,FALSE,Shop Fox,TW,754001013230,Parcel,$31.26,34.75%
D4328,"Quick Release Vise, 9""",$179.00,$97.93,18.99,,Available,FALSE,Shop Fox,CN,754001002494,Parcel,$62.08,34.68%
W2006,The Classic Fence w/ 7' Rails & Legs,$695.00,$474.97,0,,Available,FALSE,Shop Fox,TW,754001010062,Parcel,$220.03,31.66%
D4157,Single-Phase On/Off Switch 120/230V,$23.95,$7.71,8.99,,Available,FALSE,Shop Fox,CN,769433498562,Parcel,$7.25,30.27%
W1410,Fence w/ Standard Rails,$395.00,$277.00,0,,Available,FALSE,Shop Fox,TW,754001004108,Parcel,$118.00,29.87%
H8444,30 Pc. Heavy Duty F-Clamp Kit,"$1,022.50",$720.00,0,,Unavailable,FALSE,Shop Fox,US,690550184444,Parcel,$302.50,29.58%
H5297,"6"" Industrial Dust Collection Fittings Starter Kit","$1,145.80",$823.50,0,,Unavailable,FALSE,Grizzly,US,690550152979,Parcel,$322.30,28.13%
D3752,Precision 3-in-1 Plane,$89.95,$48.79,16.99,,Available,FALSE,Shop Fox,IN,769433437523,Parcel,$24.17,26.87%
D2058A,Super Heavy-Duty Mobile Base,$149.95,$92.88,18.99,,Available,FALSE,Shop Fox,CN,769433920582,Parcel,$38.08,25.40%
D4994,"8"" Drill Press Vise",$79.95,$43.13,16.99,,Available,FALSE,Shop Fox,CN,690550348730,Parcel,$19.83,24.80%
T34622,"72"" 15-Drawer Tool Cabinet w/ Outlets","$1,795.00","$1,092.00",259,,Available,FALSE,Grizzly PRO,KH,690550221309,LTL Freight,$444.00,24.74%
T34623,"96"" 24-Drawer Tool Cabinet w/ Outlets","$2,395.00","$1,515.00",299,,Available,FALSE,Grizzly PRO,KH,690550417092,LTL Freight,$581.00,24.26%
D4153,3 HP Mag Switch Single-Phase,$79.95,$43.75,16.99,,Available,FALSE,Shop Fox,TW,769433499705,Parcel,$19.21,24.03%
D4657,Heavy-Duty Lathe Stand,$225.00,$149.02,21.99,,Available,FALSE,Shop Fox,CN,754001014046,Parcel,$53.99,24.00%
D3108,"Deluxe Extension Table - 44"" x 27""",$250.00,$193.19,0,,Unavailable,FALSE,Shop Fox,TW,769433431088,Parcel,$56.81,22.72%
D4927,"4"" Long Spindle For W1702 Shaper",$55.95,$26.26,16.99,,Available,FALSE,Shop Fox,TW,754001018310,Parcel,$12.70,22.70%
D4990,"3"" Drill Press Vise",$19.95,$6.46,8.99,,Available,FALSE,Shop Fox,CN,690550782497,Parcel,$4.50,22.56%
G0745WAR05,"4"" x 6"" Variable-Speed Benchtop Metal Lathe - 5 Year Warranty",$960.00,$715.50,29.95,$795.00,Unavailable,FALSE,Grizzly,,,Parcel,$214.55,22.35%
M1036,"4"" x 8"" Micro Milling Machine",$729.00,$566.53,0,$729.00,Available,FALSE,Shop Fox,CN,754001510364,Parcel,$162.47,22.29%
D4919,"10-1/2"" Quick-Action Woodworking Vise",$169.95,$110.19,21.99,,Available,FALSE,Shop Fox,CN,754001018211,Parcel,$37.77,22.22%
D2910,Super Heavy-Duty Workbench Leg System,$225.00,$175.50,0,,Available,FALSE,Shop Fox,CN,769433429108,Parcel,$49.50,22.00%
D4658,Extension for Heavy-Duty Lathe Stand,$99.95,$59.54,18.99,,Available,FALSE,Shop Fox,CN,754001014053,Parcel,$21.42,21.43%
G0745WAR03,"4"" x 6"" Variable-Speed Benchtop Metal Lathe - 3 Year Warranty",$880.00,$661.50,29.95,$735.00,Unavailable,FALSE,Grizzly,,,Parcel,$188.55,21.43%
G0745,"4"" x 6"" Variable-Speed Benchtop Metal Lathe",$765.00,$571.50,29.95,$635.00,Available,FALSE,Grizzly,CN,690550841965,Parcel,$163.55,21.38%
T33938WAR05,60A Plasma Cutter - 5 Year Warranty,$640.00,$504.00,0,$560.00,Unavailable,FALSE,Grizzly,,,Parcel,$136.00,21.25%
D3249,"5"" Bench Vise with Swivel Base",$119.95,$75.48,18.99,,Available,FALSE,Shop Fox,CN,769433432498,Parcel,$25.48,21.24%
D3265,"4"" Quick Release Vise",$69.95,$38.20,16.99,,Available,FALSE,Shop Fox,CN,769433432658,Parcel,$14.76,21.10%
D4577,"Chuck Guard for 8-1/2"" Bench-Top Oscillating Drill Press",$21.95,$8.37,8.99,,Unavailable,FALSE,Shop Fox,CN,754001013124,Parcel,$4.59,20.91%
T33938WAR03,60A Plasma Cutter - 3 Year Warranty,$580.00,$459.00,0,$510.00,Unavailable,FALSE,Grizzly,,,Parcel,$121.00,20.86%
D3784,"Chisel Set,12 pc.",$79.95,$46.31,16.99,,Available,FALSE,Shop Fox,CN,769433437844,Parcel,$16.65,20.83%
T32859,"24"" x 36"" Folding Welding Table",$325.00,$257.40,0,,Available,FALSE,Grizzly,CN,690550671319,Parcel,$67.60,20.80%
D3250,"6"" Bench Vise w/ Swivel Base",$129.95,$83.98,18.99,,Available,FALSE,Shop Fox,CN,769433432504,Parcel,$26.98,20.76%
D4571,"6"" Double-Loop Squeeze Hose Clamp, 6 Pk.",$19.95,$6.91,8.99,,Available,FALSE,Shop Fox,CN,754001013117,Parcel,$4.05,20.30%
D4155,120V Magnetic Switch,$19.95,$6.95,8.99,,Available,FALSE,Shop Fox,CN,769433498548,Parcel,$4.01,20.10%
W1702,3 HP Shaper,"$2,195.00","$1,498.18",259,"$2,195.00",Available,FALSE,Shop Fox,TW,754001007024,LTL Freight,$437.82,19.95%
T33300ZX,"6-1/4"" Track Saw Bundle",$275.00,$220.50,0,,Available,FALSE,Grizzly PRO,CN,690550671678,Parcel,$54.50,19.82%
W1733AWAR03,"40"" x 20"" Benchtop Downdraft Table - 3 Year Warranty",$265.00,$212.98,0,$235.00,Unavailable,FALSE,Shop Fox,,,Parcel,$52.02,19.63%
W1734AWAR05,"15"" x 25"" Downdraft Table - 5 Year Warranty",$190.00,$153.00,0,$170.00,Unavailable,FALSE,Shop Fox,,,Parcel,$37.00,19.47%
D4296,"Adjustable Stand for 6-8"" Bench Grinders",$99.95,$61.53,18.99,,Available,FALSE,Shop Fox,CN,754001004214,Parcel,$19.43,19.44%
W1733AWAR05,"40"" x 20"" Benchtop Downdraft Table - 5 Year Warranty",$290.00,$234.00,0,$260.00,Unavailable,FALSE,Shop Fox,,,Parcel,$56.00,19.31%
T33880,"6"" Heavy-Duty Drill Press Vise",$195.00,$157.50,0,,Available,FALSE,Grizzly,IN,690550684265,Parcel,$37.50,19.23%
D4918,"7"" Quick-Action Woodworking Vise",$99.95,$61.86,18.99,,Unavailable,FALSE,Shop Fox,CN,754001018228,Parcel,$19.10,19.11%
W1812,"2 HP 7"" Planer / Moulder with Stand","$2,095.00","$1,437.01",259,"$2,095.00",Available,FALSE,Shop Fox,TW,754001008120,LTL Freight,$398.99,19.04%
G0921WAR03,End Mill Sharpener - 3 Year Warranty,"$1,145.00",$927.00,0,"$1,030.00",Unavailable,FALSE,Grizzly,,,Parcel,$218.00,19.04%
G0921WAR05,End Mill Sharpener - 5 Year Warranty,"$1,245.00","$1,008.00",0,"$1,120.00",Unavailable,FALSE,Grizzly,,,Parcel,$237.00,19.04%
D4931,"6"" Tool Rest for Wood Lathes",$27.95,$13.72,8.99,,Available,FALSE,Shop Fox,CN,754001018358,Parcel,$5.24,18.75%
D2057A,Heavy-Duty Mobile Base,$129.95,$87.48,18.99,,Available,FALSE,Shop Fox,CN,769433320573,Parcel,$23.48,18.07%
G0982WAR05,"6"" x 27"" Variable-Speed Mill/Drill - 5 Year Warranty","$3,595.00","$2,695.50",259,"$2,995.00",Unavailable,FALSE,Grizzly,,,LTL Freight,$640.50,17.82%
D3788,"Lathe Chisel Set, 5-Pc.",$129.95,$87.97,18.99,,Available,FALSE,Shop Fox,CN,769433437882,Parcel,$22.99,17.69%
T34153,4-Pc. M2 Cryo Lathe Tool Set,$189.00,$155.70,0,,Available,FALSE,Grizzly PRO,CN,690550406355,Parcel,$33.30,17.62%
W1872,"16"" VS Scroll Saw w/ Foot Switch, LED, Miter Gauge, & Rotary Shaft",$209.00,$172.35,0,$209.00,Available,FALSE,Shop Fox,CN,754001004221,Parcel,$36.65,17.54%
G9933WAR05,3 HP Three-Spindle Shaper - 5 Year Warranty,"$8,590.00","$6,570.00",525,"$7,300.00",Unavailable,FALSE,Grizzly,,,LTL Freight,"$1,495.00",17.40%
G0982WAR03,"6"" x 27"" Variable-Speed Mill/Drill - 3 Year Warranty","$3,355.00","$2,515.50",259,"$2,795.00",Unavailable,FALSE,Grizzly,,,LTL Freight,$580.50,17.30%
T33304X1,"20V 1/4"" Plunge Router Kit with Li-Ion Battery & Charger",$200.58,$144.00,21.99,,Unavailable,FALSE,Grizzly PRO,CN,690550363719,Parcel,$34.59,17.24%
D2527,"24"" Aluminum Long Jaw Bar Clamp",$24.95,$11.67,8.99,,Available,FALSE,Shop Fox,CN,769433425278,Parcel,$4.29,17.19%
T33304X,"20V 1/4"" Plunge Router with Li-Ion Battery (Charger Not Included)",$182.90,$129.56,21.99,,Unavailable,FALSE,Grizzly PRO,CN,690550229985,Parcel,$31.35,17.14%
D3807,"2"" Gouge",$59.95,$32.71,16.99,,Available,FALSE,Shop Fox,CN,769433438070,Parcel,$10.25,17.10%
G9933WAR03,3 HP Three-Spindle Shaper - 3 Year Warranty,"$8,140.00","$6,228.00",525,"$6,920.00",Unavailable,FALSE,Grizzly,,,LTL Freight,"$1,387.00",17.04%
T32459Z,"2"" x 42"" Knife-Making Belt Sander/Grinder",$435.00,$361.37,0,$391.00,Available,FALSE,Grizzly,CN,690550894862,Parcel,$73.63,16.93%
T33587WAR03,Mini Portable Dust Collector - 3 Year Warranty,$205.00,$171.00,0,$190.00,Unavailable,FALSE,Grizzly,,,Parcel,$34.00,16.59%
W1840,"8"" Variable-Speed Grinder with Work Light",$225.00,$188.03,0,$225.00,Available,FALSE,Shop Fox,CN,754001013605,Parcel,$36.97,16.43%
G0982,"6"" x 27"" Variable-Speed Mill/Drill with Stand","$2,995.00","$2,245.50",259,"$2,495.00",Available,FALSE,Grizzly,CN,690550963995,LTL Freight,$490.50,16.38%
SB1120WAR05,5 HP 3-Phase Variable-Speed Spindle Shaper - 5 Year Warranty,"$5,445.00","$4,216.50",349,"$4,685.00",Unavailable,FALSE,South Bend,,,LTL Freight,$879.50,16.15%
G0882,200A MIG Welder,$650.00,$545.44,0,$565.00,Available,FALSE,Grizzly,CN,690550970665,Parcel,$104.56,16.09%
SB1120,5 HP 3-Phase Variable-Speed Spindle Shaper,"$4,650.00","$3,555.00",349,"$3,950.00",Available,FALSE,South Bend,TW,690550632129,LTL Freight,$746.00,16.04%
SB1120WAR03,5 HP 3-Phase Variable-Speed Spindle Shaper - 3 Year Warranty,"$5,115.00","$3,946.50",349,"$4,385.00",Unavailable,FALSE,South Bend,,,LTL Freight,$819.50,16.02%
T33587WAR05,Mini Portable Dust Collector - 5 Year Warranty,$225.00,$189.00,0,$210.00,Unavailable,FALSE,Grizzly,,,Parcel,$36.00,16.00%
G0767WAR05,"4"" x 79"" Abrasive Tube Notcher - 5 Year Warranty","$4,735.00","$3,730.50",259,"$4,145.00",Unavailable,FALSE,Grizzly,,,LTL Freight,$745.50,15.74%
T34441,"4-1/2"" Portable Metal-Cutting Bandsaw with Stand",$339.00,$286.00,0,$286.00,Available,FALSE,Grizzly,CN,690550955433,Parcel,$53.00,15.63%
G0767WAR03,"4"" x 79"" Abrasive Tube Notcher - 3 Year Warranty","$4,435.00","$3,492.00",259,"$3,880.00",Unavailable,FALSE,Grizzly,,,LTL Freight,$684.00,15.42%
D2916,"12"" Heavy-Duty F-Clamp",$26.95,$13.81,8.99,,Available,FALSE,Shop Fox,CN,769433429160,Parcel,$4.15,15.40%
W1826,1 HP Wall Dust Collector,$295.00,$249.91,0,$295.00,Available,FALSE,Shop Fox,TW,754001008267,Parcel,$45.09,15.28%
T33996,55 Lb. Drop-Forged Anvil,$395.00,$335.00,0,,Available,FALSE,Grizzly,CN,690550151729,Parcel,$60.00,15.19%
G0940WAR05,"13"" 2 HP Benchtop Planer w/ Helical Cutterhead - 5 Year Warranty","$1,190.00",$949.50,59.95,"$1,055.00",Unavailable,FALSE,Grizzly,,,Parcel,$180.55,15.17%
G0998,"10"" x 30"" Variable-Speed Metal Lathe","$4,150.00","$3,262.50",259,"$3,625.00",Available,FALSE,Grizzly,CN,690550336393,LTL Freight,$628.50,15.14%
G0881,180A Stick Welder,$295.00,$230.40,19.95,$256.00,Available,FALSE,Grizzly,CN,690550877919,Parcel,$44.65,15.14%
H0839,9-Drawer Top Chest with Ball Bearing Slides,$395.00,$335.23,0,,Available,FALSE,Grizzly,TW,690550108396,Parcel,$59.77,15.13%
W1733A,"40"" x 20"" Benchtop Downdraft Table",$225.00,$191.29,0,$199.00,Available,FALSE,Shop Fox,TW,754001007338,Parcel,$33.71,14.98%
G0769WAR05,"8"" x 16"" Variable-Speed Combination Lathe/Mill - 5 Year Warranty","$3,595.00","$2,848.50",215,"$3,165.00",Unavailable,FALSE,Grizzly,,,LTL Freight,$531.50,14.78%
G0767,"4"" x 79"" Abrasive Tube Notcher","$3,995.00","$3,145.50",259,"$3,495.00",Available,FALSE,Grizzly,CN,690550376962,LTL Freight,$590.50,14.78%
D4573,"Plastic Lower Collection Bag, 5 pk.",$49.95,$25.65,16.99,,Available,FALSE,Shop Fox,CN,754001013025,Parcel,$7.31,14.63%
T33963WAR05,"20"" Floor Variable-Speed Tapping Drill Press - 5 Year Warranty","$4,145.00","$3,280.50",259,"$3,645.00",Unavailable,FALSE,Grizzly,,,LTL Freight,$605.50,14.61%
G0900WAR05,5 HP Deluxe Spindle Shaper - 5 Year Warranty,"$5,030.00","$3,897.00",399,"$4,330.00",Unavailable,FALSE,Grizzly,,,LTL Freight,$734.00,14.59%
G0964WAR05,1-1/2 HP Portable Fume Extractor with Precision Arm - 5 Year Warranty,"$5,845.00","$4,734.00",259,"$5,260.00",Unavailable,FALSE,Grizzly,,,LTL Freight,$852.00,14.58%
W1839,"6"" Variable-Speed Grinder with Work Light",$185.00,$158.18,0,$185.00,Available,FALSE,Shop Fox,CN,754001013599,Parcel,$26.82,14.50%
SB1125WAR05,"19-1/2"" Variable Speed Drill Press - 5 Year Warranty","$4,735.00","$3,753.00",299,"$4,170.00",Unavailable,FALSE,South Bend,,,LTL Freight,$683.00,14.42%
G0940WAR03,"13"" 2 HP Benchtop Planer w/ Helical Cutterhead - 3 Year Warranty","$1,095.00",$877.50,59.95,$975.00,Unavailable,FALSE,Grizzly,,,Parcel,$157.55,14.39%
W1720,Aluma-Classic Fence w/ Long Rails,$409.00,$350.29,0,,Available,FALSE,Shop Fox,TW,754001017207,Parcel,$58.71,14.35%
G0769WAR03,"8"" x 16"" Variable-Speed Combination Lathe/Mill - 3 Year Warranty","$3,355.00","$2,659.50",215,"$2,955.00",Unavailable,FALSE,Grizzly,,,LTL Freight,$480.50,14.32%
G0900WAR03,5 HP Deluxe Spindle Shaper - 3 Year Warranty,"$4,725.00","$3,649.50",399,"$4,055.00",Unavailable,FALSE,Grizzly,,,LTL Freight,$676.50,14.32%
T34245,"24"" x 24"" Benchtop Machine Stand w/ Power Outlets",$199.00,$170.52,0,,Available,FALSE,Grizzly,CN,690550601248,Parcel,$28.48,14.31%
G0964WAR03,1-1/2 HP Portable Fume Extractor with Precision Arm - 3 Year Warranty,"$5,495.00","$4,450.50",259,"$4,945.00",Unavailable,FALSE,Grizzly,,,LTL Freight,$785.50,14.29%
G0900,5 HP Deluxe Spindle Shaper,"$4,295.00","$3,285.00",399,"$3,650.00",Available,FALSE,Grizzly,TW,690550544286,LTL Freight,$611.00,14.23%
G5851ZWAR05,"24"" 5 HP Planer - 5 Year Warranty","$9,155.00","$7,335.00",525,"$8,150.00",Unavailable,FALSE,Grizzly,,,LTL Freight,"$1,295.00",14.15%
T33963WAR03,"20"" Floor Variable-Speed Tapping Drill Press - 3 Year Warranty","$3,880.00","$3,073.50",259,"$3,415.00",Unavailable,FALSE,Grizzly,,,LTL Freight,$547.50,14.11%
W1716,Aluma-Classic Fence w/ Standard Rails,$345.00,$296.84,0,,Available,FALSE,Shop Fox,TW,754001017160,Parcel,$48.16,13.96%
T32536WAR05,"8"" x 13"" Variable-Speed Benchtop Wood Lathe - 5 Year Warranty",$385.00,$301.50,29.95,$335.00,Unavailable,FALSE,Grizzly,,,Parcel,$53.55,13.91%
G5851ZWAR03,"24"" 5 HP Planer - 3 Year Warranty","$8,675.00","$6,948.00",525,"$7,720.00",Unavailable,FALSE,Grizzly,,,LTL Freight,"$1,202.00",13.86%
G0964,1-1/2 HP Portable Fume Extractor with Precision Arm,"$4,995.00","$4,045.50",259,"$4,495.00",Available,FALSE,Grizzly,TW,690550675782,LTL Freight,$690.50,13.82%
T34071,110-Pc. SAE/Metric Combination M2 HSS Tap & Die Set,$695.00,$599.00,0,,Available,FALSE,Grizzly Precision,CN,690550815942,Parcel,$96.00,13.81%
G0940,"13"" 2 HP Benchtop Planer w/ Helical Cutterhead",$949.00,$759.60,59.95,$844.00,Available,FALSE,Grizzly,CN,690550381232,Parcel,$129.45,13.64%
G0769,"8"" x 16"" Variable-Speed Combination Lathe/Mill","$2,995.00","$2,371.50",215,"$2,635.00",Available,FALSE,Grizzly,CN,690550427510,LTL Freight,$408.50,13.64%
T25926WAR05,"10"" x 18"" Variable-Speed Benchtop Wood Lathe - 5 Year Warranty",$615.00,$481.50,49.95,$535.00,Unavailable,FALSE,Grizzly,,,Parcel,$83.55,13.59%
G1023RLWWAR05,"10"" 3 HP 240V Cabinet Table Saw with Built-in Router Table - 5 Year Warranty","$3,475.00","$2,659.50",349,"$2,955.00",Unavailable,FALSE,Grizzly,,,LTL Freight,$466.50,13.42%
T33963,"20"" Floor Variable-Speed Tapping Drill Press","$3,495.00","$2,767.50",259,"$3,075.00",Available,FALSE,Grizzly,CN,690550055195,LTL Freight,$468.50,13.40%
D4457,"18"" Self-Closing Ball Bearing Drawer Slide",$17.95,$6.56,8.99,,Available,FALSE,Shop Fox,CN,754001011922,Parcel,$2.40,13.37%
G1071WAR05,1 HP Oscillating Spindle Sander - 5 Year Warranty,"$1,975.00","$1,512.00",199,"$1,680.00",Unavailable,FALSE,Grizzly,,,LTL Freight,$264.00,13.37%
G5851Z,"24"" 5 HP Planer","$7,995.00","$6,403.50",525,"$7,115.00",Available,FALSE,Grizzly,TW,690550758515,LTL Freight,"$1,066.50",13.34%
T33926WAR05,"2/3 HP Variable-Speed 4-Roller Power Feeder, Single-Phase - 5 Year Warranty","$1,820.00","$1,507.50",69.95,"$1,675.00",Unavailable,FALSE,Grizzly,,,Parcel,$242.55,13.33%
G4176WAR05,"1/4 HP 4-Speed 3-Roller Power Feeder, Single-Phase - 5 Year Warranty",$995.00,$823.50,39.95,$915.00,Unavailable,FALSE,Grizzly,,,Parcel,$131.55,13.22%
T34296,45-Pc. SAE M2 HSS Tap and Die Set,$395.00,$343.00,0,,Available,FALSE,Grizzly Precision,CN,690550779541,Parcel,$52.00,13.16%
T34297,45-Pc. Metric M2 HSS Tap and Die Set,$395.00,$343.00,0,,Available,FALSE,Grizzly Precision,CN,690550007880,Parcel,$52.00,13.16%
T25926WAR03,"10"" x 18"" Variable-Speed Benchtop Wood Lathe - 3 Year Warranty",$560.00,$436.50,49.95,$485.00,Unavailable,FALSE,Grizzly,,,Parcel,$73.55,13.13%
W1732,Adjustable Roller Table,$395.00,$343.15,0,,Unavailable,FALSE,Shop Fox,CN,754001007321,Parcel,$51.85,13.13%
T34070,110-Pc. Metric M2 HSS Tap & Die Set,$595.00,$517.00,0,,Available,FALSE,Grizzly Precision,CN,690550655494,Parcel,$78.00,13.11%
T33926WAR03,"2/3 HP Variable-Speed 4-Roller Power Feeder, Single-Phase - 3 Year Warranty","$1,690.00","$1,399.50",69.95,"$1,555.00",Unavailable,FALSE,Grizzly,,,Parcel,$220.55,13.05%
G1066ZWAR05,"24"" 5 HP Variable-Speed Drum Sander - 5 Year Warranty","$4,380.00","$3,550.50",259,"$3,945.00",Unavailable,FALSE,Grizzly,,,LTL Freight,$570.50,13.03%
G1026WAR05,3 HP Shaper - 5 Year Warranty,"$2,305.00","$1,746.00",259,"$1,940.00",Unavailable,FALSE,Grizzly,,,LTL Freight,$300.00,13.02%
T32536WAR03,"8"" x 13"" Variable-Speed Benchtop Wood Lathe - 3 Year Warranty",$350.00,$274.50,29.95,$305.00,Unavailable,FALSE,Grizzly,,,Parcel,$45.55,13.01%
G4176WAR03,"1/4 HP 4-Speed 3-Roller Power Feeder, Single-Phase - 3 Year Warranty",$915.00,$756.00,39.95,$840.00,Unavailable,FALSE,Grizzly,,,Parcel,$119.05,13.01%
G0937WAR05,"6"" x 10"" Combo Lathe/Mill - 5 Year Warranty","$1,645.00","$1,233.00",199,"$1,370.00",Unavailable,FALSE,Grizzly,,,LTL Freight,$213.00,12.95%
G0811WAR05,"9"" x 16"" 1-1/2 HP Horizontal Metal-Cutting Bandsaw - 5 Year Warranty","$5,030.00","$4,032.00",349,"$4,480.00",Unavailable,FALSE,Grizzly,,,LTL Freight,$649.00,12.90%
G0756WAR05,"27-1/2"" Heavy-Duty Gearhead Drill Press - 5 Year Warranty","$6,865.00","$5,458.50",525,"$6,065.00",Unavailable,FALSE,Grizzly,,,LTL Freight,$881.50,12.84%
G1023RLWWAR03,"10"" 3 HP 240V Cabinet Table Saw with Built-in Router Table - 3 Year Warranty","$3,245.00","$2,479.50",349,"$2,755.00",Unavailable,FALSE,Grizzly,,,LTL Freight,$416.50,12.84%
SB1125WAR03,"19-1/2"" Variable Speed Drill Press - 3 Year Warranty","$4,435.00","$3,572.35",299,"$3,905.00",Unavailable,FALSE,South Bend,,,LTL Freight,$563.65,12.71%
G0811WAR03,"9"" x 16"" 1-1/2 HP Horizontal Metal-Cutting Bandsaw - 3 Year Warranty","$4,725.00","$3,775.50",349,"$4,195.00",Unavailable,FALSE,Grizzly,,,LTL Freight,$600.50,12.71%
T33906,"21"" Variable-Speed Scroll Saw with Foot Pedal and Stand",$863.95,$704.24,49.95,$749.00,Unavailable,FALSE,Grizzly,TW,690550610578,Parcel,$109.76,12.70%
D3783,"Lathe Chisel Set, 6-Pc.",$79.95,$50.81,18.99,,Available,FALSE,Shop Fox,CN,769433437837,Parcel,$10.15,12.70%
G0811,"9"" x 16"" 1-1/2 HP Horizontal Metal-Cutting Bandsaw","$4,295.00","$3,401.10",349,"$3,779.00",Available,FALSE,Grizzly,TW,690550264788,LTL Freight,$544.90,12.69%
G1066ZWAR03,"24"" 5 HP Variable-Speed Drum Sander - 3 Year Warranty","$4,105.00","$3,325.50",259,"$3,695.00",Unavailable,FALSE,Grizzly,,,LTL Freight,$520.50,12.68%
G1071WAR03,1 HP Oscillating Spindle Sander - 3 Year Warranty,"$1,840.00","$1,408.50",199,"$1,565.00",Unavailable,FALSE,Grizzly,,,LTL Freight,$232.50,12.64%
T33150,3-Speed HEPA Hanging Air Filter,$595.00,$490.50,29.95,$545.00,Available,FALSE,Grizzly,TW,690550610998,Parcel,$74.55,12.53%
SB1110WAR05,"10"" 3 HP 220V Table Saw - 5 Year Warranty","$3,595.00","$2,848.50",299,"$3,165.00",Unavailable,FALSE,South Bend,,,LTL Freight,$447.50,12.45%
D2660,"Adjustable Height Workbench Leg - 36""",$79.95,$51.05,18.99,,Available,FALSE,Shop Fox,CN,769433426602,Parcel,$9.91,12.40%
T27359,Mini Sandblasting Cabinet,$298.00,$241.20,19.95,$268.00,Available,FALSE,Grizzly,CN,690550894565,Parcel,$36.85,12.37%
G0869WAR05,"10"" 2 HP Benchtop Table Saw - 5 Year Warranty",$720.00,$571.50,59.95,$635.00,Unavailable,FALSE,Grizzly,,,Parcel,$88.55,12.30%
T34346,"12"" Benchtop English Wheel",$199.00,$174.59,0,$179.00,Available,FALSE,Grizzly,CN,690550673948,Parcel,$24.41,12.27%
T34312,50A Plasma Cutter,$295.00,$259.00,0,$259.00,Available,FALSE,Grizzly,CN,690550213472,Parcel,$36.00,12.20%
G1026WAR03,3 HP Shaper - 3 Year Warranty,"$2,145.00","$1,624.50",259,"$1,805.00",Unavailable,FALSE,Grizzly,,,LTL Freight,$261.50,12.19%
G0807WAR05,"18"" 2 HP Variable-Speed Vertical Metal-Cutting Bandsaw - 5 Year Warranty","$5,845.00","$4,734.00",399,"$5,260.00",Unavailable,FALSE,Grizzly,,,LTL Freight,$712.00,12.18%
T33938,60A Plasma Cutter,$495.00,$435.00,0,$435.00,Available,FALSE,Grizzly,CN,690550386596,Parcel,$60.00,12.12%
T10726,"12"" 18-Gauge Mini Pan and Box Brake",$250.00,$199.80,19.95,$222.00,Available,FALSE,Grizzly,CN,690550167225,Parcel,$30.25,12.10%
G1066Z,"24"" 5 HP Variable-Speed Drum Sander","$3,695.00","$2,992.50",259,"$3,200.00",Available,FALSE,Grizzly,TW,690550710667,LTL Freight,$443.50,12.00%
D2260A,Mini Mobile Base,$109.95,$77.77,18.99,,Available,FALSE,Shop Fox,CN,769433422604,Parcel,$13.19,12.00%
G0937WAR03,"6"" x 10"" Combo Lathe/Mill - 3 Year Warranty","$1,530.00","$1,147.50",199,"$1,275.00",Unavailable,FALSE,Grizzly,,,LTL Freight,$183.50,11.99%
D2845,"4-Pc. Mortising Chisels Set - 1/4"", 5/16"", 3/8"", 1/2""",$69.95,$44.64,16.99,,Unavailable,FALSE,Shop Fox,CN,769433428453,Parcel,$8.32,11.89%
T25091,"84"" x 26"" Heavy Duty Workbench","$1,975.00","$1,525.50",215,,Available,FALSE,Grizzly,CN,690550425875,LTL Freight,$234.50,11.87%
G0996,"Power Hammer - 22""","$3,350.00","$2,655.00",299,"$2,950.00",Available,FALSE,Grizzly,CN,690550210372,LTL Freight,$396.00,11.82%
SB1110WAR03,"10"" 3 HP 220V Table Saw - 3 Year Warranty","$3,355.00","$2,659.50",299,"$2,955.00",Unavailable,FALSE,South Bend,,,LTL Freight,$396.50,11.82%
G0869WAR03,"10"" 2 HP Benchtop Table Saw - 3 Year Warranty",$665.00,$526.50,59.95,$585.00,Unavailable,FALSE,Grizzly,,,Parcel,$78.55,11.81%
G0756WAR03,"27-1/2"" Heavy-Duty Gearhead Drill Press - 3 Year Warranty","$6,505.00","$5,215.77",525,"$5,750.00",Unavailable,FALSE,Grizzly,,,LTL Freight,$764.23,11.75%
G0807WAR03,"18"" 2 HP Variable-Speed Vertical Metal-Cutting Bandsaw - 3 Year Warranty","$5,495.00","$4,450.50",399,"$4,945.00",Unavailable,FALSE,Grizzly,,,LTL Freight,$645.50,11.75%
G0766WAR05,"22"" x 42"" Variable-Speed Wood Lathe - 5 Year Warranty","$3,475.00","$2,718.00",349,"$3,020.00",Unavailable,FALSE,Grizzly,,,LTL Freight,$408.00,11.74%
T32536,"8"" x 13"" Variable-Speed Benchtop Wood Lathe",$299.00,$234.00,29.95,$260.00,Available,FALSE,Grizzly,CN,690550486524,Parcel,$35.05,11.72%
G0761WAR05,"10"" x 32"" 2 HP HD Benchtop Mill/Drill w/ Power Feed & Tapping - 5 Year Warranty","$4,620.00","$3,730.50",349,"$4,145.00",Unavailable,FALSE,Grizzly,,,LTL Freight,$540.50,11.70%
G9933,3 HP Three-Spindle Shaper,"$7,500.00","$6,100.96",525,"$6,375.00",Available,FALSE,Grizzly,TW,690550099335,LTL Freight,$874.04,11.65%
D2274,5 Roller Stand,$125.95,$92.36,18.99,,Available,FALSE,Shop Fox,CN,769433422741,Parcel,$14.60,11.59%
G0803ZWAR05,"9"" Benchtop Bandsaw w/ Laser Guide & Quick Release - 5 Year Warranty",$385.00,$310.50,29.95,$345.00,Unavailable,FALSE,Grizzly,,,Parcel,$44.55,11.57%
G1023RLW,"10"" 3 HP 240V Cabinet Table Saw with Built-in Router Table","$2,895.00","$2,213.10",349,"$2,459.00",Available,FALSE,Grizzly,TW,690550123757,LTL Freight,$332.90,11.50%
T33962WAR05,"16"" Benchtop Variable-Speed Tapping Drill Press - 5 Year Warranty","$2,280.00","$1,804.50",215,"$2,005.00",Unavailable,FALSE,Grizzly,,,LTL Freight,$260.50,11.43%
G0949GWAR05,"12"" x 35"" Variable-Speed Gunsmith Metal Lathe - 5 Year Warranty","$6,865.00","$5,683.50",399,"$6,315.00",Unavailable,FALSE,Grizzly,,,LTL Freight,$782.50,11.40%
G0448WAR05,1-1/2 HP Heavy-Duty Mortiser w/ Stand - 5 Year Warranty,"$2,755.00","$2,182.50",259,"$2,425.00",Unavailable,FALSE,Grizzly,,,LTL Freight,$313.50,11.38%
SB1108WAR05,"15"" Variable-Speed Planer with Helical Cutterhead - 5 Year Warranty","$4,090.00","$3,276.00",349,"$3,640.00",Unavailable,FALSE,South Bend,,,LTL Freight,$465.00,11.37%
G0972WAR05,"3"" x 78"" Knife-Making Grinder - 5 Year Warranty","$3,355.00","$2,718.00",259,"$3,020.00",Unavailable,FALSE,Grizzly,,,LTL Freight,$378.00,11.27%
G0401,"6"" x 102"" 3 HP Oscillating Edge Sander","$4,500.00","$3,645.00",349,"$4,050.00",Available,FALSE,Grizzly,BG,690550643958,LTL Freight,$506.00,11.24%
G0798WAR05,"24"" x 62"" Metalworking Downdraft Table - 5 Year Warranty","$3,790.00","$3,105.00",259,"$3,450.00",Unavailable,FALSE,Grizzly,,,LTL Freight,$426.00,11.24%
T25926,"10"" x 18"" Variable-Speed Benchtop Wood Lathe",$475.00,$371.70,49.95,$413.00,Available,FALSE,Grizzly,CN,690550366321,Parcel,$53.35,11.23%
G0761WAR03,"10"" x 32"" 2 HP HD Benchtop Mill/Drill w/ Power Feed & Tapping - 3 Year Warranty","$4,325.00","$3,492.00",349,"$3,880.00",Unavailable,FALSE,Grizzly,,,LTL Freight,$484.00,11.19%
G0400,"17"" Brush Sander","$3,795.00","$3,112.17",259,"$3,415.00",Available,FALSE,Grizzly,TW,690550962127,LTL Freight,$423.83,11.17%
SB1111WAR05,"10"" 3 HP 220V Table Saw With Extension Rails - 5 Year Warranty","$4,025.00","$3,226.50",349,"$3,585.00",Unavailable,FALSE,South Bend,,,LTL Freight,$449.50,11.17%
H7761WAR05,"2"" x 27"" Belt/6"" Disc Combo Sander - 5 Year Warranty",$220.00,$175.50,19.95,$195.00,Unavailable,FALSE,Grizzly,,,Parcel,$24.55,11.16%
G0448WAR03,1-1/2 HP Heavy-Duty Mortiser w/ Stand - 3 Year Warranty,"$2,575.00","$2,029.50",259,"$2,255.00",Unavailable,FALSE,Grizzly,,,LTL Freight,$286.50,11.13%
G1023RLX5WAR05,"10"" 5 HP 240V Cabinet Table Saw with 7' Rails - 5 Year Warranty","$3,790.00","$3,019.50",349,"$3,355.00",Unavailable,FALSE,Grizzly,,,LTL Freight,$421.50,11.12%
G1023RLXWAR05,"10"" 3 HP 240V Cabinet Table Saw with 7' Rails - 5 Year Warranty","$3,790.00","$3,019.50",349,"$3,355.00",Unavailable,FALSE,Grizzly,,,LTL Freight,$421.50,11.12%
G1015WAR05,"Knife Grinder, Sander, and Buffer - 5 Year Warranty","$1,120.00",$895.50,99.95,$995.00,Unavailable,FALSE,Grizzly,,,Parcel,$124.55,11.12%
G0834WAR05,"12"" x 84"" Jointer w/ Spiral Cutterhead - 5 Year Warranty","$6,640.00","$5,377.50",525,"$5,975.00",Unavailable,FALSE,Grizzly,,,LTL Freight,$737.50,11.11%
G0798WAR03,"24"" x 62"" Metalworking Downdraft Table - 3 Year Warranty","$3,550.00","$2,898.00",259,"$3,220.00",Unavailable,FALSE,Grizzly,,,LTL Freight,$393.00,11.07%
G0949GWAR03,"12"" x 35"" Variable-Speed Gunsmith Metal Lathe - 3 Year Warranty","$6,505.00","$5,386.50",399,"$5,985.00",Unavailable,FALSE,Grizzly,,,LTL Freight,$719.50,11.06%
D2272,Tilting Roller Stand,$59.95,$36.33,16.99,,Available,FALSE,Shop Fox,CN,769433422727,Parcel,$6.63,11.06%
G1023RLWXWAR05,"10"" 5 HP 240V Cabinet Table Saw with Built-in Router Table - 5 Year Warranty","$3,595.00","$2,848.50",349,"$3,165.00",Unavailable,FALSE,Grizzly,,,LTL Freight,$397.50,11.06%
G0733WAR05,"18"" x 47"" Heavy-Duty Wood Lathe - 5 Year Warranty","$3,180.00","$2,479.50",349,"$2,755.00",Unavailable,FALSE,Grizzly,,,LTL Freight,$351.50,11.05%
G0766WAR03,"22"" x 42"" Variable-Speed Wood Lathe - 3 Year Warranty","$3,245.00","$2,538.00",349,"$2,820.00",Unavailable,FALSE,Grizzly,,,LTL Freight,$358.00,11.03%
G0807,"18"" 2 HP Variable-Speed Vertical Metal-Cutting Bandsaw","$4,995.00","$4,045.50",399,"$4,495.00",Unavailable,FALSE,Grizzly,TW,690550843495,LTL Freight,$550.50,11.02%
G0776WAR05,"13"" x 40"" Gunsmithing Metal Lathe w/ DRO - 5 Year Warranty","$8,420.00","$6,970.50",525,"$7,745.00",Unavailable,FALSE,Grizzly,,,LTL Freight,$924.50,10.98%
G4015ZWAR05,"19-3/16"" 3/4 HP Combo Lathe/Mill - 5 Year Warranty","$2,875.00","$2,263.50",299,"$2,515.00",Unavailable,FALSE,Grizzly,,,LTL Freight,$312.50,10.87%
SB1110,"10"" 3 HP 220V Table Saw","$2,995.00","$2,371.50",299,"$2,635.00",Available,FALSE,South Bend,TW,690550008351,LTL Freight,$324.50,10.83%
G0972WAR03,"3"" x 78"" Knife-Making Grinder - 3 Year Warranty","$3,135.00","$2,538.00",259,"$2,820.00",Unavailable,FALSE,Grizzly,,,LTL Freight,$338.00,10.78%
SB1111WAR03,"10"" 3 HP 220V Table Saw With Extension Rails - 3 Year Warranty","$3,770.00","$3,015.00",349,"$3,350.00",Unavailable,FALSE,South Bend,,,LTL Freight,$406.00,10.77%
SB1108WAR03,"15"" Variable-Speed Planer with Helical Cutterhead - 3 Year Warranty","$3,830.00","$3,069.00",349,"$3,410.00",Unavailable,FALSE,South Bend,,,LTL Freight,$412.00,10.76%
T28523WAR05,"8"" Slow-Speed Bench Grinder 1/2 HP - 5 Year Warranty",$220.00,$166.50,29.95,$185.00,Unavailable,FALSE,Grizzly,,,Parcel,$23.55,10.70%
G1023RLX5WAR03,"10"" 5 HP 240V Cabinet Table Saw with 7' Rails - 3 Year Warranty","$3,550.00","$2,821.50",349,"$3,135.00",Unavailable,FALSE,Grizzly,,,LTL Freight,$379.50,10.69%
G1023RLXWAR03,"10"" 3 HP 240V Cabinet Table Saw with 7' Rails - 3 Year Warranty","$3,550.00","$2,821.50",349,"$3,135.00",Unavailable,FALSE,Grizzly,,,LTL Freight,$379.50,10.69%
T33962WAR03,"16"" Benchtop Variable-Speed Tapping Drill Press - 3 Year Warranty","$2,120.00","$1,678.50",215,"$1,865.00",Unavailable,FALSE,Grizzly,,,LTL Freight,$226.50,10.68%
G0454ZWAR05,"20"" 5 HP Planer w/ Spiral Cutterhead - 5 Year Warranty","$4,265.00","$3,411.00",399,"$3,790.00",Unavailable,FALSE,Grizzly,,,LTL Freight,$455.00,10.67%
G0834WAR03,"12"" x 84"" Jointer w/ Spiral Cutterhead - 3 Year Warranty","$6,290.00","$5,094.00",525,"$5,660.00",Unavailable,FALSE,Grizzly,,,LTL Freight,$671.00,10.67%
G0531BWAR05,"21"" 5 HP Industrial Bandsaw w/ Brake - 5 Year Warranty","$4,145.00","$3,357.00",349,"$3,730.00",Unavailable,FALSE,Grizzly,,,LTL Freight,$439.00,10.59%
G0776WAR03,"13"" x 40"" Gunsmithing Metal Lathe w/ DRO - 3 Year Warranty","$7,975.00","$6,606.00",525,"$7,340.00",Unavailable,FALSE,Grizzly,,,LTL Freight,$844.00,10.58%
G0949G,"12"" x 35"" Variable-Speed Gunsmith Metal Lathe","$5,995.00","$4,963.50",399,"$5,515.00",Available,FALSE,Grizzly,CN,690550741067,LTL Freight,$632.50,10.55%
SB1111,"10"" 3 HP 220V Table Saw With Extension Rails","$3,395.00","$2,688.30",349,"$2,987.00",Available,FALSE,South Bend,TW,690550691690,LTL Freight,$357.70,10.54%
G1035WAR05,1-1/2 HP Shaper - 5 Year Warranty,"$1,520.00","$1,161.00",199,"$1,290.00",Unavailable,FALSE,Grizzly,,,LTL Freight,$160.00,10.53%
G0806WAR05,"14"" 1-1/2 HP Variable-Speed Vertical Metal-Cutting Bandsaw - 5 Year Warranty","$4,735.00","$3,838.50",399,"$4,265.00",Unavailable,FALSE,Grizzly,,,LTL Freight,$497.50,10.51%
T27417WAR03,Oscillating Edge Belt and Spindle Sander - 3 Year Warranty,$325.00,$261.00,29.95,$290.00,Unavailable,FALSE,Grizzly,,,Parcel,$34.05,10.48%
G0803ZWAR03,"9"" Benchtop Bandsaw w/ Laser Guide & Quick Release - 3 Year Warranty",$350.00,$283.50,29.95,$315.00,Unavailable,FALSE,Grizzly,,,Parcel,$36.55,10.44%
T27417WAR05,Oscillating Edge Belt and Spindle Sander - 5 Year Warranty,$355.00,$288.00,29.95,$320.00,Unavailable,FALSE,Grizzly,,,Parcel,$37.05,10.44%
G1015WAR03,"Knife Grinder, Sander, and Buffer - 3 Year Warranty","$1,030.00",$823.50,99.95,$915.00,Unavailable,FALSE,Grizzly,,,Parcel,$106.55,10.34%
G1023RLX,"10"" 3 HP 240V Cabinet Table Saw with 7' Rails","$3,195.00","$2,515.50",349,"$2,795.00",Available,FALSE,Grizzly,TW,690550123771,LTL Freight,$330.50,10.34%
G1023RLX5,"10"" 5 HP 240V Cabinet Table Saw with 7' Rails","$3,195.00","$2,515.50",349,"$2,795.00",Available,FALSE,Grizzly,TW,690550739552,LTL Freight,$330.50,10.34%
G0784WAR05,"15"" Heavy-Duty Floor Drill Press - 5 Year Warranty","$3,355.00","$2,659.50",349,"$2,955.00",Unavailable,FALSE,Grizzly,,,LTL Freight,$346.50,10.33%
G1023RLWXWAR03,"10"" 5 HP 240V Cabinet Table Saw with Built-in Router Table - 3 Year Warranty","$3,355.00","$2,659.50",349,"$2,955.00",Unavailable,FALSE,Grizzly,,,LTL Freight,$346.50,10.33%
G0513ZWAR05,"17"" 2 HP Bandsaw w/ Resaw Fence & Bar - 5 Year Warranty","$2,040.00","$1,570.50",259,"$1,745.00",Unavailable,FALSE,Grizzly,,,LTL Freight,$210.50,10.32%
G0937,"6"" x 10"" Combo Lathe/Mill","$1,350.00","$1,012.50",199,"$1,125.00",Available,FALSE,Grizzly,CN,690550337420,LTL Freight,$138.50,10.26%
H0837,3-Drawer Mid-Riser with Ball Bearing Slides,$195.00,$175.00,0,,Available,FALSE,Grizzly,TW,690550108372,Parcel,$20.00,10.26%
G0733WAR03,"18"" x 47"" Heavy-Duty Wood Lathe - 3 Year Warranty","$2,970.00","$2,317.50",349,"$2,575.00",Unavailable,FALSE,Grizzly,,,LTL Freight,$303.50,10.22%
G4015ZWAR03,"19-3/16"" 3/4 HP Combo Lathe/Mill - 3 Year Warranty","$2,685.00","$2,115.00",299,"$2,350.00",Unavailable,FALSE,Grizzly,,,LTL Freight,$271.00,10.09%
G0776,"13"" x 40"" Gunsmithing Metal Lathe w/ DRO","$7,350.00","$6,085.80",525,"$6,762.00",Unavailable,FALSE,Grizzly,CN,690550320170,LTL Freight,$739.20,10.06%
G0921,End Mill Sharpener,$995.00,$895.00,0,$895.00,Available,FALSE,Grizzly,CN,690550048517,Parcel,$100.00,10.05%
G0758WAR05,"6"" x 20"" 3/4 HP Mill/Drill - 5 Year Warranty","$2,425.00","$1,966.50",215,"$2,185.00",Unavailable,FALSE,Grizzly,,,LTL Freight,$243.50,10.04%
G0454ZWAR03,"20"" 5 HP Planer w/ Spiral Cutterhead - 3 Year Warranty","$3,995.00","$3,195.00",399,"$3,550.00",Unavailable,FALSE,Grizzly,,,LTL Freight,$401.00,10.04%
T28379,Vacuum Clamp Set for G0825 Edgebander,$299.95,$269.95,0,,Available,FALSE,Grizzly,TW,690550750977,Parcel,$30.00,10.00%
T30861,"1"" x 3"" Round Tube Die for T30860",$309.95,$278.95,0,,Available,FALSE,Grizzly,CN,690550629266,Parcel,$31.00,10.00%
T1188,Edgebanding Trimmer for G0825,$359.95,$323.95,0,,Available,FALSE,Grizzly,TW,690550021664,Parcel,$36.00,10.00%
T32168,0.3 Micron Canister Filter for G0944HEP Dust Collector,$409.95,$368.95,0,,Available,FALSE,Grizzly,TW,690550270161,Parcel,$41.00,10.00%
G2901,Motor 1/2 HP Single-Phase 1725 RPM Open 110V/220V,$199.00,$179.10,0,,Available,FALSE,Grizzly,TW,690550029011,Parcel,$19.90,10.00%
G5757,Compound Slide Table,$189.00,$170.10,0,,Available,FALSE,Grizzly,CN,690550057571,Parcel,$18.90,10.00%
G7066,"5"" Tilting/Swiveling Milling Vise",$199.00,$179.10,0,,Unavailable,FALSE,Grizzly,CN,690550070662,Parcel,$19.90,10.00%
G7155,"Premium Milling Vise - 6""",$199.00,$179.10,0,,Available,FALSE,Grizzly,CN,690550071553,Parcel,$19.90,10.00%
G9303,"Swivel Angle Table 8"" x 10""",$199.00,$179.10,0,,Unavailable,FALSE,Grizzly,CN,690550093036,Parcel,$19.90,10.00%
G9581,"Slotted Angle Plate - 12"" W x 9"" H x 8"" D",$169.00,$152.10,0,,Available,FALSE,Grizzly,CN,690550095818,Parcel,$16.90,10.00%
H5373,Motor 1/2 HP Single-Phase 1725 RPM ODP 110V/220V For G4008-09,$189.00,$170.10,0,,Available,FALSE,Grizzly,TW,690550153730,Parcel,$18.90,10.00%
H5375,Motor 1/2 HP Single-Phase 3450 RPM TEFC 110V/220V,$189.00,$170.10,0,,Available,FALSE,Grizzly,TW,690550153754,Parcel,$18.90,10.00%
H5378,Motor 3/4 HP Single-Phase 3450 RPM TEFC 110V/220V,$209.00,$188.10,0,,Available,FALSE,Grizzly,TW,690550153785,Parcel,$20.90,10.00%
H6159,"35-Pc. Carbide-Tipped Router Bit Set, 1/4"" Shank",$199.00,$179.10,0,,Available,FALSE,Grizzly,CN,690550161599,Parcel,$19.90,10.00%
H7907,"43"" x 60"" A/O Sanding Belt 80-X Grit, 5 pk.",$199.00,$179.10,0,,Available,FALSE,Grizzly,TW,690550179075,Parcel,$19.90,10.00%
H7908,"43"" x 60"" A/O Sanding Belt 100-X Grit, 5 pk.",$199.00,$179.10,0,,Available,FALSE,Grizzly,TW,690550179082,Parcel,$19.90,10.00%
H7909,"43"" x 60"" A/O Sanding Belt 120-X Grit, 5 pk.",$199.00,$179.10,0,,Available,FALSE,Grizzly,TW,690550179099,Parcel,$19.90,10.00%
H7910,"43"" x 60"" A/O Sanding Belt 150-X Grit, 5 pk.",$199.00,$179.10,0,,Available,FALSE,Grizzly,TW,690550179105,Parcel,$19.90,10.00%
H7911,"43"" x 60"" A/O Sanding Belt 180 Grit, 5 pk.",$199.00,$179.10,0,,Available,FALSE,Grizzly,TW,690550179112,Parcel,$19.90,10.00%
T10058,"2"" Two-Way Precision Angle Vise",$199.00,$179.10,0,,Available,FALSE,Grizzly,IN,690550024849,Parcel,$19.90,10.00%
T10110,Gunsmith D1-6 Back Plate,$189.00,$170.10,0,,Available,FALSE,Grizzly,TW,690550043130,Parcel,$18.90,10.00%
T10253,"2"" Mini Self Centering Vise with Swivel Base",$189.00,$170.10,0,,Available,FALSE,Grizzly,IN,690550126192,Parcel,$18.90,10.00%
T10721,Milling Attachment for G4000,$199.00,$179.10,0,,Available,FALSE,Grizzly,CN,690550415746,Parcel,$19.90,10.00%
T23115,"1/2"" x 50' Retractable Hose Reel",$169.00,$152.10,0,,Unavailable,FALSE,Grizzly,CN,690550125812,Parcel,$16.90,10.00%
T27715,"Lathe Chuck Guard for 12-14"" Lathes",$199.00,$179.10,0,,Available,FALSE,Grizzly,CN,690550784552,Parcel,$19.90,10.00%
T30672,Heavy Duty Grinder Stand,$199.00,$179.10,0,,Unavailable,FALSE,Grizzly,CN,690550809798,Parcel,$19.90,10.00%
T33952,Quilted Maple Acoustic Guitar Kit,$179.00,$161.10,0,,Available,FALSE,Grizzly,CN,690550645884,Parcel,$17.90,10.00%
T33954,Koa Variant Acoustic Guitar Kit,$179.00,$161.10,0,,Available,FALSE,Grizzly,CN,690550244254,Parcel,$17.90,10.00%
T33957,Solid Fiddleback Maple with Spruce Front Violin Kit,$209.00,$188.10,0,,Available,FALSE,Grizzly,CN,690550478147,Parcel,$20.90,10.00%
T33992,"4"" Drop-Forged Swivel Base Bench Vise",$179.00,$161.10,0,,Available,FALSE,Grizzly,CN,690550868290,Parcel,$17.90,10.00%
G5690,"Quick Change Tool Post Set - 12"" to 14"" Swing",$259.00,$233.10,0,,Available,FALSE,Grizzly,CN,690550056901,Parcel,$25.90,10.00%
H5380,Motor 1 HP Single-Phase 3450 RPM TEFC 110V/220V,$239.00,$215.10,0,,Available,FALSE,Grizzly,TW,690550153808,Parcel,$23.90,10.00%
T10808,"2-3/4"" Wood Lathe Chuck Set",$249.00,$224.10,0,,Available,FALSE,Grizzly,CN,690550743788,Parcel,$24.90,10.00%
T20639,HEPA Filter 0.3 Micron for H8375,$249.00,$224.10,0,,Available,FALSE,Grizzly,TW,690550042676,Parcel,$24.90,10.00%
T30373,Mounting Kit for G0614,$219.00,$197.10,0,,Available,FALSE,Grizzly,TW,690550263224,Parcel,$21.90,10.00%
C2122,"Shaper Cutter - 3/4"" ""V"" Paneling Cutter Set, 3/4"" Bore",$180.00,$162.00,0,,Available,FALSE,Grizzly,TW,690550921223,Parcel,$18.00,10.00%
C2164,"6 pc. Stile & Rail Set - Roman Ogee, 3/4"" Bore",$225.00,$202.50,0,,Available,FALSE,Grizzly,TW,690550921643,Parcel,$22.50,10.00%
C2165,"6 pc. Stile & Rail Set - Quarter Bead, 3/4"" Bore",$225.00,$202.50,0,,Available,FALSE,Grizzly,TW,690550921650,Parcel,$22.50,10.00%
C2166,"Passage Doors 6 pc. Stile & Rail Set - Ogee, 3/4"" Bore",$245.00,$220.50,0,,Available,FALSE,Grizzly,TW,690550921667,Parcel,$24.50,10.00%
C2167,"Passage Doors 6 pc. Stile & Rail Set - Quarter Round, 3/4"" Bore",$245.00,$220.50,0,,Available,FALSE,Grizzly,TW,690550921674,Parcel,$24.50,10.00%
C2168,"Passage Doors 6 pc. Stile & Rail Set - Bead & Cove, 3/4"" Bore",$245.00,$220.50,0,,Available,FALSE,Grizzly,TW,690550921681,Parcel,$24.50,10.00%
C2169,"Passage Doors 6 pc. Stile & Rail Set - Roman Ogee, 3/4"" Bore",$245.00,$220.50,0,,Available,FALSE,Grizzly,TW,690550921698,Parcel,$24.50,10.00%
C2170,"Passage Doors 6 pc. Stile & Rail Set - Quarter Bead, 3/4"" Bore",$245.00,$220.50,0,,Available,FALSE,Grizzly,TW,690550921704,Parcel,$24.50,10.00%
C2175,"Entry Doors 6 pc. Stile & Rail Set - Quarter Bead, 3/4"" Bore",$265.00,$238.50,0,,Available,FALSE,Grizzly,TW,690550921759,Parcel,$26.50,10.00%
C2176,"6 pc. Stile & Rail Set - Ogee, 1-1/4"" Bore",$245.00,$220.50,0,,Available,FALSE,Grizzly,TW,690550921766,Parcel,$24.50,10.00%
C2177,"6 pc. Stile & Rail Set - Quarter Round, 1-1/4"" Bore",$245.00,$220.50,0,,Available,FALSE,Grizzly,TW,690550921773,Parcel,$24.50,10.00%
C2179,"6 pc. Stile & Rail Set - Roman Ogee, 1-1/4"" Bore",$245.00,$220.50,0,,Available,FALSE,Grizzly,TW,690550921797,Parcel,$24.50,10.00%
C2184,"Passage Doors 6 pc. Stile & Rail Set - Roman Ogee, 1-1/4"" Bore",$265.00,$238.50,0,,Available,FALSE,Grizzly,TW,690550921841,Parcel,$26.50,10.00%
C2307,"Shaper Cutter - Tongue & Groove Flooring Cutter Set, 3/4"" Bore",$175.00,$157.50,0,,Available,FALSE,Grizzly,TW,690550923074,Parcel,$17.50,10.00%
C3708,"2-7/8"" Passage Doors Shaker Shaper Cutter",$285.00,$256.50,0,,Available,FALSE,Grizzly,TW,690550561009,Parcel,$28.50,10.00%
G0871,Roller Stand for G0869 Benchtop Table Saw,$195.00,$175.50,0,,Available,FALSE,Grizzly,TW,690550761850,Parcel,$19.50,10.00%
G2527,Motor 1/3 HP Single-Phase 1725 RPM TEFC 110V/220V,$175.00,$157.50,0,,Available,FALSE,Grizzly,TW,690550025273,Parcel,$17.50,10.00%
G2532,Heavy-Duty Motor 1 HP Single-Phase 1725 RPM TEFC 110V/220V,$295.00,$265.50,0,,Available,FALSE,Grizzly,TW,690550025327,Parcel,$29.50,10.00%
G2533,Heavy-Duty Motor 1 HP Single-Phase 3450 RPM TEFC 110V/220V,$275.00,$247.50,0,,Available,FALSE,Grizzly,TW,690550025334,Parcel,$27.50,10.00%
G440VG0446,440V Conversion Kit for G0446,$395.00,$355.50,0,,Available,FALSE,Grizzly,TW,690550786051,LTL Freight,$39.50,10.00%
G440VG0450,440V Conversion Kit for G0450,$395.00,$355.50,0,,Available,FALSE,Grizzly,TW,690550352638,LTL Freight,$39.50,10.00%
G440VG0487,440V Conversion Kit for G0487,$395.00,$355.50,0,,Available,FALSE,Grizzly,TW,690550414572,LTL Freight,$39.50,10.00%
G440VG0503,440V Conversion Kit for G0503,$395.00,$355.50,0,,Available,FALSE,Grizzly,TW,690550451300,LTL Freight,$39.50,10.00%
G440VG0504,440V Conversion Kit for G0504,$395.00,$355.50,0,,Available,FALSE,Grizzly,TW,690550616549,LTL Freight,$39.50,10.00%
G440VG0524,440V Conversion Kit for G0524,$395.00,$355.50,0,,Available,FALSE,Grizzly,TW,690550821912,LTL Freight,$39.50,10.00%
G440VG0569,440V Conversion Kit for G0569 and SB1123,$395.00,$355.50,0,,Available,FALSE,Grizzly,TW,690550502682,LTL Freight,$39.50,10.00%
G440VG0603X,440V Conversion Kit for G0603X and SB1118,$395.00,$355.50,0,,Available,FALSE,Grizzly,TW,690550841132,LTL Freight,$39.50,10.00%
G440VG0606X1,440V Conversion Kit for G0606X1,$395.00,$355.50,0,,Available,FALSE,Grizzly,TW,690550941382,LTL Freight,$39.50,10.00%
G440VG0623X3,440V Conversion Kit for G0623X3,$395.00,$355.50,0,,Available,FALSE,Grizzly,TW,690550363832,LTL Freight,$39.50,10.00%
G440VG0638,440V Conversion Kit for G0638,$395.00,$355.50,0,,Unavailable,FALSE,Grizzly,TW,690550299896,LTL Freight,$39.50,10.00%
G440VG0652,440V Conversion Kit for G0652,$395.00,$355.50,0,,Available,FALSE,Grizzly,TW,690550384066,LTL Freight,$39.50,10.00%
G440VG0673,440V Conversion Kit for G0673,$395.00,$355.50,0,,Available,FALSE,Grizzly,TW,690550468537,LTL Freight,$39.50,10.00%
G440VG0677,440V Conversion Kit for G0677,$395.00,$355.50,0,,Available,FALSE,Grizzly,TW,690550758324,LTL Freight,$39.50,10.00%
G440VG0697X,440V Conversion Kit for G0697X,$395.00,$355.50,0,,Available,FALSE,Grizzly,TW,690550773372,LTL Freight,$39.50,10.00%
G440VG0699,440V Conversion Kit for G0699,$395.00,$355.50,0,,Unavailable,FALSE,Grizzly,TW,690550474880,LTL Freight,$39.50,10.00%
G440VG0764Z,440V Conversion Kit for G0764Z,$395.00,$355.50,0,,Available,FALSE,Grizzly,TW,690550355561,LTL Freight,$39.50,10.00%
G440VG0797,440V Conversion Kit for G0797,$395.00,$355.50,0,,Available,FALSE,Grizzly,CN,690550460883,LTL Freight,$39.50,10.00%
G440VG0820,440V Conversion Kit for G0820 and G0493,$395.00,$355.50,0,,Available,FALSE,Grizzly,TW,690550238307,LTL Freight,$39.50,10.00%
G440VG0853,440V Conversion Kit For G0853,$395.00,$355.50,0,,Available,FALSE,Grizzly,TW,690550028342,LTL Freight,$39.50,10.00%
G440VG0919,440V Conversion Kit for G0919,$795.00,$715.50,0,,Available,FALSE,Grizzly,TW,690550902512,LTL Freight,$79.50,10.00%
G440VG7213Z,440V Conversion Kit for G7213Z,$275.00,$247.50,0,,Available,FALSE,Grizzly,TW,690550562099,LTL Freight,$27.50,10.00%
G440VG7214Z,440V Conversion Kit for G7214Z,$395.00,$355.50,0,,Available,FALSE,Grizzly,TW,690550478796,LTL Freight,$39.50,10.00%
G440VG9741,440V Conversion Kit for G9741,$395.00,$355.50,0,,Available,FALSE,Grizzly,TW,690550125621,LTL Freight,$39.50,10.00%
G440VG9953ZXF,440V Conversion Kit for G9953ZXF,$295.00,$265.50,0,,Available,FALSE,Grizzly,TW,690550369636,LTL Freight,$29.50,10.00%
G440VH2934,440V Conversion Kit for H2934,$295.00,$265.50,0,,Available,FALSE,Grizzly,TW,690550030314,LTL Freight,$29.50,10.00%
G5689,"Quick Change Tool Post Set - 10"" Swing",$195.00,$175.50,0,,Available,FALSE,Grizzly,CN,690550056895,Parcel,$19.50,10.00%
G5953,Boring Head - 3 Spindle for G4185,$595.00,$535.50,0,,Available,FALSE,Grizzly,TW,690550059537,Parcel,$59.50,10.00%
G7060,"Bench Vise w/ Anvil - 6""",$195.00,$175.50,0,,Available,FALSE,Grizzly,CN,690550070600,Parcel,$19.50,10.00%
G8750,"6"" x 18-1/2"" Compound Slide Table",$295.00,$265.50,0,,Available,FALSE,Grizzly,CN,690550087509,Parcel,$29.50,10.00%
G9296,"Adj. Tailstock For 8"" & 10"" Rotary Tables",$225.00,$202.50,0,,Available,FALSE,Grizzly,CN,690550092961,Parcel,$22.50,10.00%
G9658,"Surface Plate Stand - 18"" x 24""",$195.00,$175.50,0,,Available,FALSE,Grizzly,CN,690550096587,Parcel,$19.50,10.00%
G9660,"Surface Plate Stand - 24"" x 36""",$275.00,$247.50,0,,Unavailable,FALSE,Grizzly,CN,690550096600,Parcel,$27.50,10.00%
G9774,Keyway Broach Sets - 18 pc. HSS,$295.00,$265.50,0,,Available,FALSE,Grizzly,CN,690550097744,Parcel,$29.50,10.00%
G9973,Lathe Stand for G9972Z,$595.00,$535.50,0,,Available,FALSE,Grizzly,CN,690550099731,Parcel,$59.50,10.00%
H2877Z,"4"" Spiral Cutterhead",$375.00,$337.50,0,,Available,FALSE,Grizzly,CN,690550187469,Parcel,$37.50,10.00%
H2878Z,"5-1/8"" Spiral Cutterhead",$425.00,$382.50,0,,Available,FALSE,Grizzly,CN,690550249938,Parcel,$42.50,10.00%
H2879Z,"5-7/8"" Spiral Cutterhead",$495.00,$445.50,0,,Available,FALSE,Grizzly,CN,690550259920,Parcel,$49.50,10.00%
H5377,Motor 3/4 HP Single-Phase 1725 RPM TEFC 110V/220V,$245.00,$220.50,0,,Unavailable,FALSE,Grizzly,TW,690550153778,Parcel,$24.50,10.00%
H5385,Motor 2 HP Single-Phase 3450 RPM TEFC 110V/220V,$355.00,$319.50,0,,Available,FALSE,Grizzly,TW,690550153853,Parcel,$35.50,10.00%
H5389,Motor 5 HP Single-Phase 3450 RPM 220V For G1023ZX,$550.00,$495.00,0,,Available,FALSE,Grizzly,TW,690550153891,Parcel,$55.00,10.00%
H5390,Motor 5 HP Single-Phase 3450 RPM TEFC 220V,$550.00,$495.00,0,,Available,FALSE,Grizzly,TW,690550153907,Parcel,$55.00,10.00%
H5783,Extra Canister For G0548/Z & G0562/Z,$365.00,$328.50,0,,Available,FALSE,Grizzly,TW,690550157837,Parcel,$36.50,10.00%
H7507,"18"" x 27"" Router Extension Table for Table Saw",$395.00,$355.50,0,,Available,FALSE,Grizzly,TW,690550175077,Parcel,$39.50,10.00%
H7527,"6"" Rotary Table w/ Div. Plates",$425.00,$382.50,0,,Available,FALSE,Grizzly,IN,690550175275,Parcel,$42.50,10.00%
H7588,Resaw Fence Complete For G0513,$195.00,$175.50,0,,Available,FALSE,Grizzly,TW,690550175886,Parcel,$19.50,10.00%
H7918,"51"" x 60"" A/O Sanding Belt 180 Grit, 5 pk.",$245.00,$220.50,0,,Available,FALSE,Grizzly,TW,690550179181,Parcel,$24.50,10.00%
H7938,Collet Closer for G0600 & G0600Z,$890.00,$801.00,0,,Available,FALSE,Grizzly,CN,690550179389,Parcel,$89.00,10.00%
H8140,7-Gallon Coolant Tank System,$375.00,$337.50,0,,Available,FALSE,Grizzly,CN,690550181405,Parcel,$37.50,10.00%
H8370,Power Feed for Mill / Drills ALSAS,$475.00,$427.50,0,,Available,FALSE,Grizzly,CN,690550183706,Parcel,$47.50,10.00%
H8371,AL510SX Power Feed X-Axis,$595.00,$535.50,0,,Available,FALSE,Grizzly,CN,690550183713,Parcel,$59.50,10.00%
H8831,"51"" x 60"" A/O Sanding Belt 100 Grit, 3 pk.",$330.00,$297.00,0,,Available,FALSE,Grizzly,KR,690550188312,Parcel,$33.00,10.00%
H8832,"51"" x 60"" A/O Sanding Belt 120 Grit, 3 pk.",$330.00,$297.00,0,,Available,FALSE,Grizzly,KR,690550188329,Parcel,$33.00,10.00%
SB1072,"A2-15 25"" 3 Jaw Chuck Direct Mount","$18,110.00","$16,299.00",0,,Unavailable,FALSE,South Bend,TW,690550762536,Parcel,"$1,811.00",10.00%
SB1073,A2-15 Outboard Spindle Back Plate,"$4,960.00","$4,464.00",0,,Unavailable,FALSE,South Bend,TW,690550082399,Parcel,$496.00,10.00%
SB1074,"A2-15 32"" Face Plate","$3,740.00","$3,366.00",0,,Unavailable,FALSE,South Bend,TW,690550137877,Parcel,$374.00,10.00%
SB1075,"A2-15 36"" Face Plate","$5,435.00","$4,891.50",0,,Unavailable,FALSE,South Bend,TW,690550299247,Parcel,$543.50,10.00%
SB1076,"A2-15 40"" Face Plate","$6,875.00","$6,187.50",0,,Unavailable,FALSE,South Bend,TW,690550419065,Parcel,$687.50,10.00%
SB1077,Follow Rest X33,"$1,280.00","$1,152.00",0,,Unavailable,FALSE,South Bend,TW,690550533068,Parcel,$128.00,10.00%
SB1078,Follow Rest X37,"$1,400.00","$1,260.00",0,,Unavailable,FALSE,South Bend,TW,690550781834,Parcel,$140.00,10.00%
SB1079,Follow Rest X41,"$1,470.00","$1,323.00",0,,Unavailable,FALSE,South Bend,TW,690550932588,Parcel,$147.00,10.00%
SB1081,"16"" Steady Rest","$3,850.00","$3,465.00",0,,Unavailable,FALSE,South Bend,TW,690550112706,Parcel,$385.00,10.00%
SB1082,"20"" Steady Rest","$2,860.00","$2,574.00",0,,Unavailable,FALSE,South Bend,TW,690550686054,Parcel,$286.00,10.00%
SB1083,"24-1/2"" Steady Rest","$9,400.00","$8,460.00",0,,Unavailable,FALSE,South Bend,TW,690550531972,Parcel,$940.00,10.00%
SB1084,"28-1/2"" Steady Rest","$11,185.00","$10,066.50",0,,Unavailable,FALSE,South Bend,TW,690550277627,Parcel,"$1,118.50",10.00%
SB1085,Taper Turning Attachment,"$4,740.00","$4,266.00",0,,Unavailable,FALSE,South Bend,TW,690550326004,Parcel,$474.00,10.00%
SB1087,Micro Carriage Stop,$465.00,$418.50,0,,Unavailable,FALSE,South Bend,TW,690550483677,Parcel,$46.50,10.00%
SB1088,MT6 Heavy Duty Live Center,"$2,735.00","$2,461.50",0,,Unavailable,FALSE,South Bend,TW,690550568244,Parcel,$273.50,10.00%
SB1089,Quick Change Tool Post,"$6,010.00","$5,409.00",0,,Unavailable,FALSE,South Bend,TW,690550667558,Parcel,$601.00,10.00%
SB1105,Replacement Filter for SB1092,$295.00,$265.50,0,,Available,FALSE,Grizzly,TW,690550400278,Parcel,$29.50,10.00%
SB1216,"6"" Precision Drill Press Vise",$175.00,$157.50,0,,Unavailable,FALSE,South Bend,IN,690550051388,Parcel,$17.50,10.00%
SB1248,"4"" Lockdown Milling Vise",$475.00,$427.50,0,,Available,FALSE,South Bend,TW,690550432019,Parcel,$47.50,10.00%
SB1268,5-C Collet Closer for D1-6 South Bend Lathes,"$1,250.00","$1,125.00",0,,Available,FALSE,South Bend,TW,690550897788,Parcel,$125.00,10.00%
SB1348,"8-Piece Quick Change Collet Set, R8",$195.00,$175.50,0,,Available,FALSE,South Bend,TW,690550864940,Parcel,$19.50,10.00%
T10057,Tapping Attachment - MT #2,$235.00,$211.50,0,,Available,FALSE,Grizzly,IN,690550029721,Parcel,$23.50,10.00%
T10059,"4"" Three-Way Precision Angle Vise",$495.00,$445.50,0,,Available,FALSE,Grizzly,IN,690550024856,Parcel,$49.50,10.00%
T10070,16-Pc. MT3 Quick Change Collet Set,$325.00,$292.50,0,,Unavailable,FALSE,Grizzly,TW,690550024757,Parcel,$32.50,10.00%
T10114,Heavy-Duty Roller Stand,$185.00,$166.50,0,,Available,FALSE,Grizzly,TW,690550128691,Parcel,$18.50,10.00%
T10153,"20"" Best Planer Knives-Set of 4",$395.00,$355.50,0,,Available,FALSE,Grizzly,JP,690550054600,Parcel,$39.50,10.00%
T10156,"24"" Best Planer Knives-Set of 4",$425.00,$382.50,0,,Available,FALSE,Grizzly,JP,690550054631,Parcel,$42.50,10.00%
T10168,"3"" Boring Head Set",$175.00,$157.50,0,,Available,FALSE,Grizzly,IN,690550106668,Parcel,$17.50,10.00%
T10221,"7"" x 7"" Horizontal / Vertical T Slot Tilting Table",$375.00,$337.50,0,,Available,FALSE,Grizzly,CN,690550108952,Parcel,$37.50,10.00%
T10502,Taper Attachment for G0709 & G0824 Lathe,$795.00,$715.50,0,,Unavailable,FALSE,Grizzly,CN,690550001451,Parcel,$79.50,10.00%
T10556,Taper Attachment Kit for G4002/G4003/G4003G,$695.00,$625.50,0,,Available,FALSE,Grizzly,CN,690550001802,Parcel,$69.50,10.00%
T10811,"5-1/2"" Wood Lathe Chuck Set",$395.00,$355.50,0,,Available,FALSE,Grizzly,CN,690550577499,Parcel,$39.50,10.00%
T1255,Automatic Router Lift with Touch-Screen Controls,$630.00,$567.00,0,,Available,FALSE,Grizzly,CN,690550579998,Parcel,$63.00,10.00%
T23010,Power Feed for G0704 and G0759,$525.00,$472.50,0,,Available,FALSE,Grizzly,CN,690550125409,Parcel,$52.50,10.00%
T23129,Replacement Canister Filter for G0583Z,$285.00,$256.50,0,,Available,FALSE,Grizzly,TW,690550157240,Parcel,$28.50,10.00%
T25937,"5"" Rotary Table",$495.00,$445.50,0,,Available,FALSE,Grizzly,IN,690550390135,Parcel,$49.50,10.00%
T26362,486mm Canister Filter with Foam Tape,$415.00,$373.50,0,,Available,FALSE,Grizzly,TW,690550306877,Parcel,$41.50,10.00%
T26612,Stand for G0758,$375.00,$337.50,0,,Unavailable,FALSE,Grizzly,CN,690550275272,Parcel,$37.50,10.00%
T27313,"Copy Attachment for G0987, G0733, G0462, G0584, G5979, and W1758",$495.00,$445.50,0,,Available,FALSE,Grizzly,CN,690550190087,Parcel,$49.50,10.00%
T27556WAR03,Blade Welder 4.2 kVA - 3 Year Warranty,"$1,145.00","$1,030.50",0,"$1,145.00",Unavailable,FALSE,Grizzly,,,Parcel,$114.50,10.00%
T27556WAR05,Blade Welder 4.2 kVA - 5 Year Warranty,"$1,245.00","$1,120.50",0,"$1,245.00",Unavailable,FALSE,Grizzly,,,Parcel,$124.50,10.00%
T27614,"1"" Bead Forming Mandrel Set for G0816",$495.00,$445.50,0,,Available,FALSE,Grizzly,CN,690550119484,Parcel,$49.50,10.00%
T27615,V-Groove Forming Mandrel Set for G0816,$395.00,$355.50,0,,Available,FALSE,Grizzly,CN,690550929182,Parcel,$39.50,10.00%
T27633,"1"" Radius Round Material Die for G0792",$595.00,$535.50,0,,Available,FALSE,Grizzly,CN,690550616068,Parcel,$59.50,10.00%
T27697,"8"" Helical Cutterhead for Jointers",$425.00,$382.50,0,,Available,FALSE,Grizzly,CN,690550585869,Parcel,$42.50,10.00%
T27698,"6"" Helical Cutterhead for Jointers",$395.00,$355.50,0,,Available,FALSE,Grizzly,CN,690550590252,Parcel,$39.50,10.00%
T27699,"6"" Helical Cutterhead for Jointers",$395.00,$355.50,0,,Available,FALSE,Grizzly,CN,690550622861,Parcel,$39.50,10.00%
T27713,"8"" Helical Cutterhead for Jointers",$475.00,$427.50,0,,Available,FALSE,Grizzly,CN,690550511769,Parcel,$47.50,10.00%
T27798,"Sandblasting Media, A/O 120-Grit, 55-lbs.",$310.00,$279.00,0,,Available,FALSE,Grizzly,HU,690550032257,Parcel,$31.00,10.00%
T27801,"Sandblasting Media, A/O 60-Grit, 55-lbs.",$310.00,$279.00,0,,Available,FALSE,Grizzly,HU,690550051357,Parcel,$31.00,10.00%
T28172,"14"" x 39"" Heavy-Duty Roller Table",$375.00,$337.50,0,,Available,FALSE,Grizzly,CN,690550223051,Parcel,$37.50,10.00%
T28529,"Upper Flush Trim Blades for G0774 and G0985, 4-Pk.",$225.00,$202.50,0,,Unavailable,FALSE,Grizzly,TW,690550250026,Parcel,$22.50,10.00%
T28530,"Lower Flush Trim Blades for G0774 and G0985, 4-Pk.",$215.00,$193.50,0,,Available,FALSE,Grizzly,TW,690550586408,Parcel,$21.50,10.00%
T28781,Router Table with Lift and Cast-Iron Wings,"$1,760.00","$1,584.00",0,,Available,FALSE,Grizzly,TW,690550993176,Parcel,$176.00,10.00%
T28984,"30"" Welding Table Support Leg",$190.00,$171.00,0,,Available,FALSE,Grizzly,CN,690550721007,Parcel,$19.00,10.00%
T30290X2,20V Hammer Drill Kit with 2 Li-Ion Batteries & Charger,$185.00,$166.50,0,,Unavailable,FALSE,Grizzly PRO,CN,690550856129,Parcel,$18.50,10.00%
T30292X2,20V Impact Wrench Kit with 2 Li-Ion Batteries & Charger,$225.00,$202.50,0,,Unavailable,FALSE,Grizzly PRO,CN,690550214486,Parcel,$22.50,10.00%
T30293X2,"20V 6-1/2"" Circular Saw Kit with 2 Li-Ion Batteries & Charger",$205.00,$184.50,0,,Unavailable,FALSE,Grizzly PRO,CN,690550054020,Parcel,$20.50,10.00%
T30294X2,20V Reciprocating Saw Kit with 2 Li-Ion Batteries & Charger,$200.00,$180.00,0,,Unavailable,FALSE,Grizzly PRO,CN,690550427985,Parcel,$20.00,10.00%
T30307,20V 2-Tool Saw Kit,$235.00,$211.50,0,,Unavailable,FALSE,Grizzly PRO,CN,690550565489,Parcel,$23.50,10.00%
T30314,Replacement Filter for G0860 & G0861,$255.00,$229.50,0,,Available,FALSE,Grizzly,TW,690550379383,Parcel,$25.50,10.00%
T30372,Mounting Kit for G0613,$255.00,$229.50,0,,Available,FALSE,Grizzly,TW,690550248719,Parcel,$25.50,10.00%
T30487,HEPA Filter Upgrade for G0583Z,$510.00,$459.00,0,,Available,FALSE,Grizzly,TW,690550580192,Parcel,$51.00,10.00%
T30489,HEPA Filter Upgrade for G0860 & G0861,$450.00,$405.00,0,,Available,FALSE,Grizzly,TW,690550767593,Parcel,$45.00,10.00%
T30498,6 Pc. Collet Woodturning Chisel Set With Carbide Inserts and Aluminum Handles,$240.00,$216.00,0,,Available,FALSE,Grizzly,CN,690550927065,Parcel,$24.00,10.00%
T30862,"2"" x 6-1/2"" Round Tube Die for T30860",$545.00,$490.50,0,,Available,FALSE,Grizzly,CN,690550778940,Parcel,$54.50,10.00%
T30864,"1"" x 4-1/2"" Round Tube Die for T30860",$240.00,$216.00,0,,Available,FALSE,Grizzly,CN,690550931499,Parcel,$24.00,10.00%
T30865,"1-1/4"" x 4-1/2"" Round Tube Die for T30860",$330.00,$297.00,0,,Unavailable,FALSE,Grizzly,CN,690550979347,Parcel,$33.00,10.00%
T30866,"1-1/2"" x 4-1/2"" Round Tube Die for T30860",$375.00,$337.50,0,,Available,FALSE,Grizzly,CN,690550121173,Parcel,$37.50,10.00%
T30867,"1-1/2"" x 5-1/2"" Round Tube Die for T30860",$385.00,$346.50,0,,Available,FALSE,Grizzly,CN,690550144721,Parcel,$38.50,10.00%
T30868,"1-1/2"" x 6-1/2"" Round Tube Die for T30860",$465.00,$418.50,0,,Available,FALSE,Grizzly,CN,690550494116,Parcel,$46.50,10.00%
T30869,"1-5/8"" x 5-1/2"" Round Tube Die for T30860",$405.00,$364.50,0,,Available,FALSE,Grizzly,CN,690550662911,Parcel,$40.50,10.00%
T30870,"1-5/8"" x 6-1/2"" Round Tube Die for T30860",$505.00,$454.50,0,,Available,FALSE,Grizzly,CN,690550710889,Parcel,$50.50,10.00%
T30871,"1-3/4"" x 5-1/2"" Round Tube Die for T30860",$420.00,$378.00,0,,Available,FALSE,Grizzly,CN,690550732119,Parcel,$42.00,10.00%
T30872,"1-3/4"" x 6-1/2"" Round Tube Die for T30860",$520.00,$468.00,0,,Available,FALSE,Grizzly,CN,690550202148,Parcel,$52.00,10.00%
T30873,"1"" x 3-1/2"" Square Tube Die for T30860",$265.00,$238.50,0,,Available,FALSE,Grizzly,CN,690550271335,Parcel,$26.50,10.00%
T30874,"1-1/4"" x 4-1/2"" Square Tube Die for T30860",$285.00,$256.50,0,,Available,FALSE,Grizzly,CN,690550355325,Parcel,$28.50,10.00%
T30944,"2"" Magnetic Drill",$695.00,$625.50,0,,Available,FALSE,Grizzly PRO,CN,690550691355,Parcel,$69.50,10.00%
T31636,Benchtop Router Table,$295.00,$265.50,0,,Available,FALSE,Grizzly,TW,690550358173,Parcel,$29.50,10.00%
T31990,33-Pc. M35 Cobalt Silver & Deming Drill Bit Set,$395.00,$355.50,0,,Available,FALSE,Grizzly,CN,690550809071,Parcel,$39.50,10.00%
T32250,"24"" Bed Extension for G0844",$175.00,$157.50,0,,Unavailable,FALSE,Grizzly,CN,690550934063,Parcel,$17.50,10.00%
T32540WAR03,Dual Spindle Doweling Joiner - 3 Year Warranty,$190.00,$171.00,0,$190.00,Unavailable,FALSE,Grizzly PRO,,,Parcel,$19.00,10.00%
T32540WAR05,Dual Spindle Doweling Joiner - 5 Year Warranty,$205.00,$184.50,0,$205.00,Unavailable,FALSE,Grizzly PRO,,,Parcel,$20.50,10.00%
T32555,1 Micron Canister Filter for G0944 Dust Collector,$225.00,$202.50,0,,Available,FALSE,Grizzly,TW,690550960598,Parcel,$22.50,10.00%
T32984,"11-13/16"" Scale",$170.00,$153.00,0,,Available,FALSE,Grizzly,CN,690550421044,Parcel,$17.00,10.00%
T32985,"13-13/16"" Scale",$170.00,$153.00,0,,Available,FALSE,Grizzly,CN,690550434648,Parcel,$17.00,10.00%
T32989,"21-11/16"" Scale",$180.00,$162.00,0,,Available,FALSE,Grizzly,CN,690550765650,Parcel,$18.00,10.00%
T32990,"23-5/8"" Scale",$180.00,$162.00,0,,Available,FALSE,Grizzly,CN,690550766930,Parcel,$18.00,10.00%
T32991,"29-9/16"" Scale",$180.00,$162.00,0,,Available,FALSE,Grizzly,CN,690550805745,Parcel,$18.00,10.00%
T32992,"31-1/2"" Scale",$180.00,$162.00,0,,Available,FALSE,Grizzly,CN,690550958984,Parcel,$18.00,10.00%
T32993,"39-3/8"" Scale",$190.00,$171.00,0,,Available,FALSE,Grizzly,CN,690550978715,Parcel,$19.00,10.00%
T32994,"43-5/16"" Scale",$250.00,$225.00,0,,Available,FALSE,Grizzly,CN,690550994999,Parcel,$25.00,10.00%
T32996,"63"" Scale",$640.00,$576.00,0,,Available,FALSE,Grizzly,CN,690550363535,Parcel,$64.00,10.00%
T32997,"5-15/16"" x 13-13/16"" 2-Axis Mill DRO",$605.00,$544.50,0,,Unavailable,FALSE,Grizzly,CN,690550530814,Parcel,$60.50,10.00%
T32999,"5-15/16"" x 31-1/2"" 2-Axis Lathe DRO",$615.00,$553.50,0,,Unavailable,FALSE,Grizzly,CN,690550742279,Parcel,$61.50,10.00%
T33000,"5-15/16"" x 43-5/16"" 2-Axis Lathe DRO",$690.00,$621.00,0,,Unavailable,FALSE,Grizzly,CN,690550950193,Parcel,$69.00,10.00%
T33005,"7-7/8"" x 19-11/16"" x 19-11/16"" 3-Axis Mill DRO",$775.00,$697.50,0,,Unavailable,FALSE,Grizzly,CN,690550661723,Parcel,$77.50,10.00%
T33006,"7-7/8"" x 21-11/16"" 2-Axis Mill DRO",$615.00,$553.50,0,,Unavailable,FALSE,Grizzly,CN,690550690389,Parcel,$61.50,10.00%
T33007,"7-7/8"" x 23-5/8"" 2-Axis Mill DRO",$615.00,$553.50,0,,Unavailable,FALSE,Grizzly,CN,690550841798,Parcel,$61.50,10.00%
T33008,"7-7/8"" x 39-3/8"" 2-Axis Lathe DRO",$625.00,$562.50,0,,Unavailable,FALSE,Grizzly,CN,690550886263,Parcel,$62.50,10.00%
T33009,"7-7/8"" x 43-5/16"" 2-Axis Lathe DRO",$690.00,$621.00,0,,Unavailable,FALSE,Grizzly,CN,690550889677,Parcel,$69.00,10.00%
T33010,"9-7/8"" x 23-5/8"" 2-Axis Mill DRO",$615.00,$553.50,0,,Unavailable,FALSE,Grizzly,CN,690550523892,Parcel,$61.50,10.00%
T33011,"9-7/8"" x 13-13/16"" x 23-5/8"" 3-Axis Mill DRO",$790.00,$711.00,0,,Unavailable,FALSE,Grizzly,CN,690550760068,Parcel,$79.00,10.00%
T33012,"9-7/8"" x 43-5/16"" 2-Axis Lathe DRO",$690.00,$621.00,0,,Unavailable,FALSE,Grizzly,CN,690550997730,Parcel,$69.00,10.00%
T33013,"11-13/16"" x 13-13/16"" x 29-9/16"" 3-Axis Mill DRO",$795.00,$715.50,0,,Unavailable,FALSE,Grizzly,CN,690550223372,Parcel,$79.50,10.00%
T33014,"11-13/16"" x 29-9/16"" 2-Axis Mill DRO",$620.00,$558.00,0,,Unavailable,FALSE,Grizzly,CN,690550278105,Parcel,$62.00,10.00%
T33015,"13-13/16"" x 17-3/4"" x 29-9/16"" 3-Axis Mill DRO",$785.00,$706.50,0,,Unavailable,FALSE,Grizzly,CN,690550294891,Parcel,$78.50,10.00%
T33016,"13-13/16"" x 29-9/16"" 2-Axis Mill DRO",$620.00,$558.00,0,,Unavailable,FALSE,Grizzly,CN,690550347603,Parcel,$62.00,10.00%
T33017,"13-13/16"" x 51-3/16"" 2-Axis Lathe DRO",$960.00,$864.00,0,,Unavailable,FALSE,Grizzly,CN,690550351709,Parcel,$96.00,10.00%
T33018,"13-13/16"" x 63"" 2-Axis Lathe DRO","$1,085.00",$976.50,0,,Unavailable,FALSE,Grizzly,CN,690550410000,Parcel,$108.50,10.00%
T33019,"15-3/4"" x 31-1/2"" 2-Axis Mill DRO",$620.00,$558.00,0,,Unavailable,FALSE,Grizzly,CN,690550488689,Parcel,$62.00,10.00%
T33020,"15-3/4"" x 15-3/4"" x 31-1/2"" 3-Axis Mill DRO",$795.00,$715.50,0,,Unavailable,FALSE,Grizzly,CN,690550528323,Parcel,$79.50,10.00%
T33026,"Round Tube Rollers, 5/8""",$225.00,$202.50,0,,Available,FALSE,Grizzly,CN,690550841385,Parcel,$22.50,10.00%
T33028,"Round Tube Rollers, 7/8""",$225.00,$202.50,0,,Available,FALSE,Grizzly,CN,690550525353,Parcel,$22.50,10.00%
T33030,"Round Tube Rollers, 1-1/8""",$225.00,$202.50,0,,Available,FALSE,Grizzly,CN,690550665783,Parcel,$22.50,10.00%
T33031,"Round Tube Rollers, 1-1/4""",$225.00,$202.50,0,,Available,FALSE,Grizzly,CN,690550706165,Parcel,$22.50,10.00%
T33037,"Round Pipe Rollers, 1/4""",$265.00,$238.50,0,,Available,FALSE,Grizzly,CN,690550147449,Parcel,$26.50,10.00%
T33039,"Round Pipe Rollers, 1/2""",$265.00,$238.50,0,,Available,FALSE,Grizzly,CN,690550926754,Parcel,$26.50,10.00%
T33041,"Round Pipe Rollers, 1""",$265.00,$238.50,0,,Available,FALSE,Grizzly,CN,690550354717,Parcel,$26.50,10.00%
T33042,"Round Pipe Rollers, 1-1/4""",$295.00,$265.50,0,,Available,FALSE,Grizzly,CN,690550418853,Parcel,$29.50,10.00%
T33050,"Flat Stock Rollers, 1-1/4""",$225.00,$202.50,0,,Available,FALSE,Grizzly,CN,690550954900,Parcel,$22.50,10.00%
T33159,"Carbon Particle Bag, Type 9000 For G0953",$180.00,$162.00,0,,Unavailable,FALSE,Grizzly,TW,690550939884,Parcel,$18.00,10.00%
T33198,"10"" 180T Cold Saw Blade",$200.00,$180.00,0,,Available,FALSE,Grizzly,CN,690550824845,Parcel,$20.00,10.00%
T33200,"10"" 180T ATB Cold Saw Blade",$200.00,$180.00,0,,Available,FALSE,Grizzly,CN,690550996061,Parcel,$20.00,10.00%
T33230,Replacement Primary Filter for T33151,$170.00,$153.00,0,,Available,FALSE,Grizzly,TW,690550984198,Parcel,$17.00,10.00%
T33283,Premium No. 5 Jack Plane,$180.00,$162.00,0,,Available,FALSE,Grizzly,IN,690550516009,Parcel,$18.00,10.00%
T33284,Premium No. 6 Fore Plane,$215.00,$193.50,0,,Available,FALSE,Grizzly,IN,690550537882,Parcel,$21.50,10.00%
T33285,Premium No. 7 Jointer Plane,$235.00,$211.50,0,,Available,FALSE,Grizzly,IN,690550879944,Parcel,$23.50,10.00%
T33286,Premium No. 62 Low-Angle Jack Plane,$225.00,$202.50,0,,Available,FALSE,Grizzly,IN,690550430329,Parcel,$22.50,10.00%
T33818,"5"" Industrial 360 Degree Swivel Base Drop-Forged Workbench Vise",$330.00,$297.00,0,,Available,FALSE,Grizzly,CN,690550386718,Parcel,$33.00,10.00%
T33836,Canister Filter for G0965,$350.00,$315.00,0,,Unavailable,FALSE,Grizzly,TW,690550313110,Parcel,$35.00,10.00%
T33837,HEPA Filter for G0965 / G0966,$395.00,$355.50,0,,Available,FALSE,Grizzly,TW,690550345500,Parcel,$39.50,10.00%
T33838,Canister Filter for G0966,$425.00,$382.50,0,,Available,FALSE,Grizzly,TW,690550367502,Parcel,$42.50,10.00%
T33955,Quilted Maple Electric Guitar Kit,$265.00,$238.50,0,,Available,FALSE,Grizzly,CN,690550357992,Parcel,$26.50,10.00%
T33956,Fiddleback Maple Electric Guitar Kit,$265.00,$238.50,0,,Available,FALSE,Grizzly,CN,690550420757,Parcel,$26.50,10.00%
T33988,Table Saw Crosscut Sled,$170.00,$153.00,0,,Available,FALSE,Grizzly,TW,690550250811,Parcel,$17.00,10.00%
T34003,Patternmaker's Carving Vise,$175.00,$157.50,0,,Available,FALSE,Grizzly,IN,690550269325,Parcel,$17.50,10.00%
T34039,"Zirconium Deburring Disc for G0974, 120 Grit",$175.00,$157.50,0,,Unavailable,FALSE,Grizzly,DE,690550577291,Parcel,$17.50,10.00%
T34044,"Zirconium Deburring Disc for G0974, 60 Grit",$175.00,$157.50,0,,Available,FALSE,Grizzly,DE,690550907326,Parcel,$17.50,10.00%
T34046,"S/C Deburring Disc for G0974, 80 Grit",$175.00,$157.50,0,,Available,FALSE,Grizzly,DE,690550010781,Parcel,$17.50,10.00%
T34157,Inner Polyester Filter Cartridge for G0975,$285.00,$256.50,0,,Available,FALSE,Grizzly,TW,690550202025,Parcel,$28.50,10.00%
T34158,Inner Polyester Filter Cartridge for G0976,$400.00,$360.00,0,,Unavailable,FALSE,Grizzly,TW,690550232459,Parcel,$40.00,10.00%
T34159,Inner Polyester Filter Cartridge for G0977,$420.00,$378.00,0,,Unavailable,FALSE,Grizzly,TW,690550374517,Parcel,$42.00,10.00%
T34175,"2"" Straight-Edge Side Planer Knives, 2-Pk.",$275.00,$247.50,0,,Available,FALSE,Grizzly,TW,690550009983,Parcel,$27.50,10.00%
T34176,"1-3/4"" Rounded Top Side Knives, 2-Pk. - Left",$275.00,$247.50,0,,Available,FALSE,Grizzly,TW,690550494369,Parcel,$27.50,10.00%
T34177,"3/4"" S4S Side Knives, 2-Pk.",$245.00,$220.50,0,,Available,FALSE,Grizzly,TW,690550517952,Parcel,$24.50,10.00%
T34178,"3/4"" T&G Flooring Knives Female, 2-Pk.",$275.00,$247.50,0,,Available,FALSE,Grizzly,TW,690550593895,Parcel,$27.50,10.00%
T34179,"3/4"" T&G Flooring Knives Male, 2-Pk.",$275.00,$247.50,0,,Available,FALSE,Grizzly,TW,690550623677,Parcel,$27.50,10.00%
T34180,"1-1/2"" T&G Knives Female, 2-Pk.",$245.00,$220.50,0,,Available,FALSE,Grizzly,TW,690550756610,Parcel,$24.50,10.00%
T34181,"1-1/2"" T&G Knives Male, 2-Pk.",$245.00,$220.50,0,,Available,FALSE,Grizzly,TW,690550815072,Parcel,$24.50,10.00%
T34182,"3/4"" Shiplap Side Knives, 2-Pk. - Left",$245.00,$220.50,0,,Available,FALSE,Grizzly,TW,690550189913,Parcel,$24.50,10.00%
T34183,"3/4"" V-Shiplap Side Knives, 2-Pk.",$275.00,$247.50,0,,Available,FALSE,Grizzly,TW,690550661372,Parcel,$27.50,10.00%
T34184,"3/4"" Paneling V-Grove Knives Male, 2-Pk.",$275.00,$247.50,0,,Available,FALSE,Grizzly,TW,690550885860,Parcel,$27.50,10.00%
T34185,"3/4"" Paneling V-Grove Knives Female, 2-Pk.",$275.00,$247.50,0,,Available,FALSE,Grizzly,TW,690550311727,Parcel,$27.50,10.00%
T34186,"1-1/2"" Bottom Relief Knives, 2-Pk.",$245.00,$220.50,0,,Available,FALSE,Grizzly,TW,690550554254,Parcel,$24.50,10.00%
T34187,"1-1/2"" Baseboard Ogee Profile Knives, 2-Pk.",$275.00,$247.50,0,,Available,FALSE,Grizzly,TW,690550865978,Parcel,$27.50,10.00%
T34188,"1-1/2"" Baseboard Bottom Knives, 2-Pk.",$275.00,$247.50,0,,Available,FALSE,Grizzly,TW,690550949296,Parcel,$27.50,10.00%
T34189,"1-3/4"" Crown Moulding Top Knives, 2-Pk.",$245.00,$220.50,0,,Available,FALSE,Grizzly,TW,690550453731,Parcel,$24.50,10.00%
T34190,"2-1/4"" Crown Moulding Top Knives, 2-Pk.",$275.00,$247.50,0,,Available,FALSE,Grizzly,TW,690550475283,Parcel,$27.50,10.00%
T34191,"4-3/4"" Crown Moulding Top Knives, 2-Pk.",$495.00,$445.50,0,,Available,FALSE,Grizzly,TW,690550643934,Parcel,$49.50,10.00%
T34192,"Crown Moulding Side Knives for T34189 & T34190, 2-Pk.",$245.00,$220.50,0,,Available,FALSE,Grizzly,TW,690550716904,Parcel,$24.50,10.00%
T34193,"1-1/2"" Straight Top Knives, 2-Pk.",$245.00,$220.50,0,,Available,FALSE,Grizzly,TW,690550729805,Parcel,$24.50,10.00%
T34194,"3/4"" Ogee Profile Knives, 2-Pk.",$245.00,$220.50,0,,Available,FALSE,Grizzly,TW,690550928741,Parcel,$24.50,10.00%
T34270,"Right-Hand Welding Table Clamping Square, 600mm",$595.00,$535.50,0,,Available,FALSE,Grizzly,CN,690550892813,Parcel,$59.50,10.00%
T34271,"Left-Hand Welding Table Clamping Square, 600mm",$595.00,$535.50,0,,Available,FALSE,Grizzly,CN,690550938061,Parcel,$59.50,10.00%
T34438,2 HP Water Cooled Spindle Kit for G0403,$875.00,$787.50,0,,Available,FALSE,Grizzly,CN,690550197802,Parcel,$87.50,10.00%
T34439,4th Axis for G0403,$860.00,$774.00,0,,Available,FALSE,Grizzly,CN,690550205934,Parcel,$86.00,10.00%
T34531,"1 3/4"" Rounded Top Side Knives, 2-Pk. - Right",$335.00,$301.50,0,,Available,FALSE,Grizzly,TW,690550875380,Parcel,$33.50,10.00%
T34532,"3/4"" Shiplap Side Knives, 2-PK. - Right",$285.00,$256.50,0,,Available,FALSE,Grizzly,TW,690550973864,Parcel,$28.50,10.00%
T34533,"Crown Moulding Side Knives for T34191, 2-Pk.",$285.00,$256.50,0,,Available,FALSE,Grizzly,TW,690550055119,Parcel,$28.50,10.00%
W1667WAR03,"8-1/2"" Benchtop Oscillating Drill Press - 3 Year Warranty",$290.00,$261.00,0,$290.00,Unavailable,FALSE,Shop Fox,,,Parcel,$29.00,10.00%
W1667WAR05,"8-1/2"" Benchtop Oscillating Drill Press - 5 Year Warranty",$315.00,$283.50,0,$315.00,Unavailable,FALSE,Shop Fox,,,Parcel,$31.50,10.00%
W1839WAR03,"6"" Variable-Speed Grinder with Work Light - 3 Year Warranty",$220.00,$198.00,0,$220.00,Unavailable,FALSE,Shop Fox,,,Parcel,$22.00,10.00%
W1839WAR05,"6"" Variable-Speed Grinder with Work Light - 5 Year Warranty",$240.00,$216.00,0,$240.00,Unavailable,FALSE,Shop Fox,,,Parcel,$24.00,10.00%
W1840WAR03,"8"" Variable-Speed Grinder with Work Light - 3 Year Warranty",$265.00,$238.50,0,$265.00,Unavailable,FALSE,Shop Fox,,,Parcel,$26.50,10.00%
W1840WAR05,"8"" Variable-Speed Grinder with Work Light - 5 Year Warranty",$290.00,$261.00,0,$290.00,Unavailable,FALSE,Shop Fox,,,Parcel,$29.00,10.00%
W1872WAR03,"16"" VS Scroll Saw w/ Foot Switch, LED, Miter Gauge, & Rotary Shaft - 3 Year Warranty",$245.00,$220.50,0,$245.00,Unavailable,FALSE,Shop Fox,,,Parcel,$24.50,10.00%
W1872WAR05,"16"" VS Scroll Saw w/ Foot Switch, LED, Miter Gauge, & Rotary Shaft - 5 Year Warranty",$270.00,$243.00,0,$270.00,Unavailable,FALSE,Shop Fox,,,Parcel,$27.00,10.00%
T30399,Infeed/Outfeed Roller Set,$829.00,$746.10,0,,Available,FALSE,Grizzly,TW,690550006975,Parcel,$82.90,10.00%
T32998,"5-15/16"" x 19-11/16"" 2-Axis Mill DRO",$599.00,$539.10,0,,Unavailable,FALSE,Grizzly,CN,690550607226,Parcel,$59.90,10.00%
T33001,"7-7/8"" x 13-13/16"" 2-Axis Lathe DRO",$609.00,$548.10,0,,Unavailable,FALSE,Grizzly,CN,690550385896,Parcel,$60.90,10.00%
T33002,"7-7/8"" x 13-13/16"" x 17-3/4"" 3-Axis Mill DRO",$769.00,$692.10,0,,Unavailable,FALSE,Grizzly,CN,690550450372,Parcel,$76.90,10.00%
T33003,"7-7/8"" x 17-3/4"" 2-Axis Mill DRO",$589.00,$530.10,0,,Unavailable,FALSE,Grizzly,CN,690550501906,Parcel,$58.90,10.00%
T33004,"7-7/8"" x 19-11/16"" 2-Axis Mill DRO",$599.00,$539.10,0,,Unavailable,FALSE,Grizzly,CN,690550641404,Parcel,$59.90,10.00%
T32995,"51-3/16"" Scale",$519.00,$467.10,0,,Available,FALSE,Grizzly,CN,690550342363,Parcel,$51.90,10.00%
T34579,110V Conversion Kit for G0621X,$489.00,$440.10,0,,Available,FALSE,Grizzly,TW,690550418822,Parcel,$48.90,10.00%
G5691,"Quick Change Tool Post Set - 13"" to 15"" Swing",$399.00,$359.10,0,,Unavailable,FALSE,Grizzly,CN,690550056918,Parcel,$39.90,10.00%
T10442,"Milling Tool Kit, 10 Pc.",$399.00,$359.10,0,,Unavailable,FALSE,Grizzly,IN,690550164095,Parcel,$39.90,10.00%
C2190,"Entry Doors 6 pc. Stile & Rail Set - Quarter Bead, 1-1/4"" Bore",$289.00,$260.10,0,,Available,FALSE,Grizzly,TW,690550921902,Parcel,$28.90,10.00%
T32461,3 HP Router Motor,$299.00,$269.10,0,,Unavailable,FALSE,Grizzly,CN,690550937941,Parcel,$29.90,10.00%
T10152,"15"" Best Planer Knives-Set of 3",$209.95,$188.96,0,,Available,FALSE,Grizzly,JP,690550054594,Parcel,$20.99,10.00%
T10877,Canister Filter for G0710 and G0710P,$208.95,$188.06,0,,Available,FALSE,Grizzly,TW,690550635595,Parcel,$20.89,10.00%
H9884,"24"" x 1"" x 1/8"" HSS Planer Knives, Set of 4",$199.95,$179.96,0,,Available,FALSE,Grizzly,TW,690550198847,Parcel,$19.99,10.00%
T21973,"Metal Guide Set for 21"" and 24"" Bandsaws",$199.95,$179.96,0,,Available,FALSE,Grizzly,TW,690550131332,Parcel,$19.99,10.00%
T25936,"3/4"" Axial and Radial Boring Bar Set, 5 pc.",$199.95,$179.96,0,,Available,FALSE,Grizzly,IN,690550250798,Parcel,$19.99,10.00%
H8193,"Optional Heavy-Duty Cast-Iron Trunnion for G0513, G0513X & G0514X",$189.95,$170.96,0,,Available,FALSE,Grizzly,TW,690550181931,Parcel,$18.99,10.00%
T33160,HEPA Filter For G0953,$189.95,$170.96,0,,Unavailable,FALSE,Grizzly,TW,690550545849,Parcel,$18.99,10.00%
T28011,Bowl-Turning Tool Rest,$179.95,$161.96,0,,Available,FALSE,Grizzly,CN,690550446375,Parcel,$17.99,10.00%