Shopify SKU,Supplier SKU,UPC,Model Number,Product Type,Manufacturer Weblink,Cost,Shipping Fee,List Price,Lowest Price,Lowest Price Link,MAP Price,MSRP,Notes,Shipping Length,Shipping Width,Shipping Height,Shipping Weight,Shipping Class,Shipping NMFC,Shipping Sub,Shipping Additional Info,Shipping Method
110100,110100,,GS650,Chippers/Shredders,https://mechmaxx.com/products/mechmaxx-4-inch-wood-chipper-196cc-6-5hp-gs650,1039,,1299,1299,,1299,1299,,35,23,37,273,70,123950,,,
110101,110101,,GS650,Chippers/Shredders,https://mechmaxx.com/products/mechmaxx-gs650-4-inch-wood-chipper-196cc-6-5hp,1439,,1799,1799,,1799,1799,,35,23,37,273,70,123950,,,
110200,110200,,GS1500,Chippers/Shredders,https://mechmaxx.com/products/gs1500?_pos=1&_sid=4a411f439&_ss=r,1699,,2099,2099,,2099,2099,,37,30,49,516,70,123950,,,
110200Y,110200Y,,GS1500,Chippers/Shredders,https://mechmaxx.com/products/5-inch-e-start-ducar-420cc-gasoline-engine-powered-wood-chipper-gs1500-110200y,1699,,2099,2099,,2099,2099,,37,30,49,516,70,123950,,,
110200K,110200K,,GS1500,Chippers/Shredders,https://mechmaxx.com/products/5-inch-e-start-kohler-408cc-gasoline-engine-powered-wood-chipper-model-gs1500,1999,,2499,2499,,2499,2499,,37,30,49,516,70,123950,,,
110400,110400,,PGS1500,Chippers/Shredders,https://mechmaxx.com/products/15hp-gasoline-engine-wood-chipper-shredder-machine-1?_pos=1&_sid=da9861652&_ss=r,1599,,2099,2099,,2099,2099,,44,30,45,481,77.5,123950,,,
110602,110602,,P4205,Chippers/Shredders,https://mechmaxx.com/products/gasoline-engine-self-feeding-electric-start-wood-chipper-p4205rato,1799,,2299,2299,,2299,2299,,43,30,50,606,70,123950,,,
110602Y,110602Y,,P4205,Chippers/Shredders,https://mechmaxx.com/products/5-inch-e-start-ducar-420cc-15hp-gasoline-engine-powered-disc-wood-chipper-with-taillight,1799,,2299,2299,,2299,2299,,43,30,50,606,70,123950,,,
110601,110601,,P4205,Chippers/Shredders,https://mechmaxx.com/products/5-in-wood-chipper?_pos=1&_sid=a13871dec&_ss=r,2199,,2799,2799,,2799,2799,,43,31,50,610,70,123950,,,
110802,110802,,P4206,Chippers/Shredders,https://mechmaxx.com/products/gasoline-engine-self-feeding-wood-shredder-chipper-p4206rato?_pos=1&_sid=3d5dcd38d&_ss=r,1899,,2399,2399,,2399,2399,Pre-Order,43,30,50,617,70,123950,,,
110802Y,110802Y,,P4206,Chippers/Shredders,https://mechmaxx.com/products/6-inch-e-start-ducar-420cc-15hp-gasoline-engine-powered-drum-wood-chipper-model-p4206,1899,,2399,2399,,2399,2399,Pre-Order,43,30,50,617,70,123950,,,
110802R,110802R,,P4206,Chippers/Shredders,https://mechmaxx.com/products/6-inch-e-start-ducar-420cc-15hp-gasoline-engine-powered-drum-wood-chipper-p4206,1899,,2399,2399,,2399,2399,Pre-Order,43,30,50,617,70,123950,,,
110801,110801,,P4206,Chippers/Shredders,https://mechmaxx.com/products/110801deposit-6-inch-e-start-b-s-vanguard-408cc-14hp-gasoline-engine-powered-drum-wood-chipper-model-p4206?_pos=1&_sid=37cdb9cba&_ss=r,2199,,2799,2799,,2799,2799,Pre-Order,43,30,50,626,70,123950,,,
110801Y,110801Y,,P4206,Chippers/Shredders,https://mechmaxx.com/products/6-inch-e-start-b-s-vanguard-408cc-14hp-gasoline-engine-powered-drum-wood-chipper-p4206-110801y,2199,,2799,2799,,2799,2799,Pre-Order,43,30,50,626,70,,,,
110803,110803,,B150,Chippers/Shredders,https://mechmaxx.com/products/6-inch-e-start-rato-420cc-15hp-gas-powered-4-wheel-drum-wood-chipper-with-taillight-model-b150?_pos=1&_sid=2571a7566&_ss=r,2099,,2599,2599,,2599,2599,,43,30,50,657,70,123950,,,
110803Y,110803Y,,B150,Chippers/Shredders,https://mechmaxx.com/products/6-inch-e-start-ducar-420cc-15hp-gas-powered-4-wheel-drum-wood-chipper-with-taillight-b150,2099,,2599,2599,,2599,2599,,43,30,50,657,70,,,,
110804,110804,,B150,Chippers/Shredders,https://mechmaxx.com/products/6-inch-e-start-kohler-429cc-14hp-gas-powered-4-wheel-drum-wood-chipper-with-taillight-b150?_pos=1&_sid=65dbad5b9&_ss=r,2399,,2999,2999,,2999,2999,,43,30,50,670,70,123950,,,
110805,110805,,B150,Chippers/Shredders,https://mechmaxx.com/products/6-inch-honda-gasoline-engine-powered-4-wheel-drum-wood-chipper-with-taillight-b150?_pos=1&_sid=0dc5c38fb&_ss=r,2799,,3499,3499,,3499,3499,,43,31,50,657,70,123950,,,
110810,110810,,B200,Chippers/Shredders,https://mechmaxx.com/products/8-inch-zonsen-e-start-999cc-35hp-gas-powered-4-wheel-drum-wood-chipper-with-taillight-b200?_pos=1&_sid=89ed41d4b&_ss=r,2899,,3599,3599,,3599,3599,Pre-Order,50,30,49,807,70,123950,,,
110811,110811,,B200,Chippers/Shredders,https://mechmaxx.com/products/8-inch-zonsen-e-start-999cc-35hp-gas-powered-4-wheel-drum-wood-chipper-with-taillight-b200-copy,4299,,5399,5399,,5399,5399,,50,31,50,785,70,123950,,,
110700,110700,,DCH7,Chippers/Shredders,https://mechmaxx.com/products/25hp-740cc-twin-cylinder-gas-engine-6-hydraulic-feeding-wood-chipper-model-dch6?_pos=1&_sid=f3bb20bec&_ss=r,5399,,6399,6399,,6399,6399,,89,45,55,1634,85,133300,,,
110700H,110700H,,DCH7,Chippers/Shredders,https://mechmaxx.com/products/twin-cylinder-petrol-engine-7-hydraulic-feeding-wood-chipper-dch7h,7099,,8599,8599,,8599,8599,,89,45,55,1556,85,123950,,,
110701,110701,,TX1000,Chippers/Shredders,https://mechmaxx.com/products/8-inch-zonsen-e-start-1000cc-35hp-gas-powered-wood-chipper-with-intelligent-feeding-system-tx1000?_pos=1&_sid=8e770cd12&_ss=r,11999,,14699,14699,,14699,14699,,89,51,55,2197,70,123950,,,
130200,130200,,SGR1500,Stump Grinders,https://mechmaxx.com/products/tree-root-stump-grinder-with-15hp-gasoline-engine?_pos=1&_sid=540535054&_ss=r,1399,,1799,1799,,1799,1799,,30,45,30,309,77.5,119130,,,
130300,130300,,SG380,Stump Grinders,https://mechmaxx.com/products/15-inch-15hp-420cc-ducar-e-start-stump-grinder-with-tow-bar-sg380,1599,,2099,2099,,2099,2099,,45,30,30,370,70,,,,
130300R,130300R,,SG380,Stump Grinders,https://mechmaxx.com/products/15-inch-15hp-420cc-electric-start-stump-grinder-with-tow-bar,1599,,2099,2099,,2099,2099,,45,30,30,370,70,,,,
130400,130400,,SG380,Stump Grinders,https://mechmaxx.com/products/15-inch-14hp-429cc-kohler-e-start-stump-grinder-with-tow-bar,1999,,2599,2599,,2599,2599,,45,30,30,384,70,,,,
130400Y,130400Y,,SG380,Stump Grinders,https://mechmaxx.com/products/15-inch-14hp-429cc-kohler-e-start-stump-grinder-with-tow-bar-sg380,1999,,2599,2599,,2599,2599,,45,30,30,384,70,,,,
120100,120100,,TCR650,Mini Trenchers,https://mechmaxx.com/products/mechmaxx-gasoline-mini-trencher-tcr650?_pos=1&_sid=a3382fc40&_ss=r,2099,,2299,2299,,2299,2299,Sold Out,41,31,34,393,70,,,,
120200,120200,,TCR1500,Mini Trenchers,https://mechmaxx.com/products/15hp-420cc-e-start-powered-24-ditching-trencher-tcr1500-120200,2159,,2699,2699,,2699,2699,,45,30,34,471,70,,,,
120200R,120200R,,TCR1500,Mini Trenchers,https://mechmaxx.com/products/mechmaxx-gasoline-mini-trencher-tcr1500,2159,,2699,2699,,2699,2699,,45,30,34,471,70,,,,
120201,120201,,TCR1500,Mini Trenchers,https://mechmaxx.com/products/14hp-429cc-kohler-e-start-24-ditching-mini-trencher-tcr1500-120201,2399,,2999,2999,,2999,2999,,46,30,34,475,70,,,,
120201R,120201R,,TCR1500,Mini Trenchers,https://mechmaxx.com/products/14hp-429cc-kohler-e-start-24-ditching-mini-trencher-model-tcr1500,2399,,2999,2999,,2999,2999,,46,30,34,475,70,,,,
100101,100101,,T25,Mini Dumpers,https://mechmaxx.com/products/660lbs-capacity-7hp-gas-powered-wheelbarrow-steel-dump-cart-t25-4f-1r-gearbox?_pos=1&_sid=ccd1ae534&_ss=r,1499,,1899,1899,,1899,1899,,52,30,34,344,92.5,,,,
100200,100200,,T30,Mini Dumpers,https://mechmaxx.com/products/660lbs-capacity-7hp-gas-powered-wheelbarrow-cart-t30?_pos=1&_sid=90024604f&_ss=r,1499,,1899,1899,,1899,1899,,44,30,34,364,77.5,,,,
100500,100500,,D50MA,Mini Dumpers,https://mechmaxx.com/products/500kg-loading-gasoline-engine-powered-tracked-mini-dumper?_pos=1&_sid=f9595bc97&_ss=r,2499,,3199,3199,,3199,3199,,66,30,44,585,92.5,,,,
100900,100900,,D50HTFL,Mini Dumpers,https://mechmaxx.com/products/500kg-loading-tracked-mini-dumper-transporter-with-high-lift?_pos=1&_sid=db5f44a5e&_ss=r,3199,,3999,3999,,3999,3999,Pre-Order,76,30,51,1012,70,193100,,,
101300,101300,,T80FL,Mini Dumpers,https://mechmaxx.com/products/1800lb-420cc-e-start-gas-engine-stand-on-hydraulic-track-dumper-with-self-loading-model-t80?_pos=1&_sid=cd7751d37&_ss=r,5039,,6299,6299,,6299,6299,Sold Out,72,30,51,1301,70,,,,
101301,101301,,T80HL,Mini Dumpers,https://mechmaxx.com/products/1100lb-420cc-e-start-gas-engine-stand-on-hydraulic-track-dumper-hydraulic-tipping-and-lifting-with-self-loading-t80hl?_pos=1&_sid=b7e917514&_ss=r,5499,,7299,7299,,7299,7299,,79,31,52,1753,65,,,,
101200,101200,,E50,Mini Dumpers,https://mechmaxx.com/products/500kg-loading-electric-power-barrow-for-sale,1659,,2399,2399,,2399,2399,,52,30,34,460,77.5,,,,
101200Y,101200Y,,E50,Mini Dumpers,https://mechmaxx.com/products/mechmaxx-1100lbs-loading-battery-powered-barrow-electric-mini-dumper-for-sale-1000w-48v-brushless-dc-motor-e50,1659,,2399,2399,,2399,2399,,52,30,34,460,77.5,,,,
101201,101201,,EH50,Mini Dumpers,https://mechmaxx.com/products/1100-lb-1000w-dc-motor-48v-battery-powered-hydraulic-tipping-dump-cart-model-eh50,1799,,2799,2799,,2799,2799,,56,30,34,538,70,,,,
101201R,101201R,,EH50,Mini Dumpers,https://mechmaxx.com/products/1100-lb-1000w-dc-motor-48v-battery-powered-hydraulic-tipping-dump-cart-eh50,1799,,2799,2799,,2799,2799,,56,30,34,538,70,,,,
150134,150134,,EFS 48,Flail Mowers,https://mechmaxx.com/products/mechmaxx-3point-flail-mower-efs48,1399,,1699,1699,,1699,1699,,57,30,28,470,70,125835,,,
150134G,150134G,,EFS 48,Flail Mowers,https://mechmaxx.com/products/48-light-duty-flail-mower-3-point-15-35hp-pto-driven-efs48?_pos=3&_sid=0400838db&_ss=r,1399,,1699,1699,,1699,1699,,57,30,28,470,70,125835,,,
150135,150135,,EFS 60,Flail Mowers,https://mechmaxx.com/products/mechmaxx-3point-flail-mower-efs60,1499,,1899,1899,,1899,1899,,66,30,28,529,70,125835,,,
150135G,150135G,,EFS 60,Flail Mowers,https://mechmaxx.com/products/60-light-duty-flail-mower-3-point-15-35hp-pto-driven-efs60?_pos=2&_sid=992151373&_ss=r,1499,,1899,1899,,1899,1899,,66,30,28,529,70,125835,,,
150137,150137,,NAM 60,Flail Mowers,https://mechmaxx.com/products/mechmaxx-3point-flail-mower-nam60?_pos=1&_sid=ccc72c0fa&_ss=r,1999,,2499,2499,,2499,2499,,70,33,28,688,70,125835,,,
150138,150138,,NAM 68,Flail Mowers,https://mechmaxx.com/products/mechmaxx-3point-flail-mower-nam68,2099,,2599,2599,,2599,2599,,78,34,26,800,70,125835,,,
150139,150139,,NAM 72,Flail Mowers,https://mechmaxx.com/products/mechmaxx-3point-flail-mower-nam72,2199,,2799,2799,,2799,2799,,82,33,28,789,70,125835,,,
150141,150141,,NAM 68H,Flail Mowers,https://mechmaxx.com/products/mechmaxx-3point-flail-mower-nam68h,2299,,2899,2899,,2899,2899,,78,33,28,820,70,125835,,,
150142,150142,,NAM 72H,Flail Mowers,https://mechmaxx.com/products/mechmaxx-3point-flail-mower-nam72h,2399,,3199,3199,,3199,3199,,82,33,28,871,70,125835,,,
150205,150205,,KDK 63H,Flail Mowers,https://mechmaxx.com/products/63-heavy-duty-pto-flail-mower-with-hydraulic-side-shift-3-point-50-75-hp-kdk63h?_pos=1&_sid=603c2f4ae&_ss=r,2699,,3599,3599,,3599,3599,,74,38,28,1168,65,125835,,,
150206,150206,,KDK 72H,Flail Mowers,https://mechmaxx.com/products/72-heavy-duty-pto-flail-mower-with-hydraulic-side-shift-3-point-50-75-hp-kdk72h,2899,,3899,3899,,3899,3899,,82,38,28,1232,65,125835,,,
150207,150207,,KDK 78H,Flail Mowers,https://mechmaxx.com/products/78-heavy-duty-pto-flail-mower-with-hydraulic-side-shift-3-point-50-85-hp-kdk78h,3099,,4099,4099,,4099,4099,,90,38,28,1307,65,125835,,,
150208,150208,,KDK 87H,Flail Mowers,https://mechmaxx.com/products/87-heavy-duty-pto-flail-mower-with-hydraulic-side-shift-3-point-50-90-hp-kdk87h,3299,,4599,4599,,4599,4599,,97,38,25,1389,65,125835,,,
150143,150143,,VAM 48,Flail Mowers,https://mechmaxx.com/products/mechmaxx-3point-flail-mower-vam48,1899,,2499,2499,,2499,2499,,57,28,29,732,65,125835,,,
150143G,150143G,,VAM 48,Flail Mowers,https://mechmaxx.com/products/48-standard-3-point-offset-flail-ditch-bank-mower-25-50hp-vam48,1899,,2499,2499,,2499,2499,,57,28,29,732,65,125835,,,
150144,150144,,VAM 60,Flail Mowers,https://mechmaxx.com/products/mechmaxx-3point-flail-mower-vam57,1999,,2699,2699,,2699,2699,,67,30,28,736,65,125835,,,
150144G,150144G,,VAM 60,Flail Mowers,https://mechmaxx.com/products/60-standard-3point-offset-flail-ditch-bank-mower-25-60hp-vam60,1999,,2699,2699,,2699,2699,,67,30,28,736,65,125835,,,
150145,150145,,VAM 65,Flail Mowers,https://mechmaxx.com/products/mechmaxx-3point-flail-mower-vam65,2299,,2999,2999,,2999,2999,,74,30,29,789,70,125835,,,
150145G,150145G,,VAM 65,Flail Mowers,https://mechmaxx.com/products/65-standard-3-point-offset-flail-ditch-bank-mower-30-60hp-vam65,2299,,2999,2999,,2999,2999,,74,30,29,789,70,125835,,,
150201,150201,,VAM72,Flail Mowers,https://mechmaxx.com/products/flail-mower-vam72,3299,,4099,4099,,4099,4099,,79,32,31,1336,65,125835,,,
150202,150202,,AGF72,Flail Mowers,https://mechmaxx.com/products/flail-mower-agf72?_pos=1&_sid=c54576631&_ss=r,3699,,4599,4599,,4599,4599,,91,38,35,1671,65,125835,,,
150203,150203,,VBM78,Flail Mowers,https://mechmaxx.com/products/flail-mower-vbm78,4199,,5399,5399,,5399,5399,,101,41,33,2039,65,125835,,,
150204,150204,,VBM86,Flail Mowers,https://mechmaxx.com/products/vbm86-flail-mower-vbm86,4599,,5699,5699,,5699,5699,,109,42,35,2121,65,125835,,,
150290,150290,,VBM100,Flail Mowers,https://mechmaxx.com/products/100-heavy-duty-3-point-offset-ditch-bank-verge-flail-mower-italy-cmr-gearbox-80-120hp-pto-driven-vbm100,5199,,6999,6999,,6999,6999,,121,43,37,2344,70,,,,
150146,150146,,FM120,Flail Mowers,https://mechmaxx.com/products/mechmaxx-finishing-mower-for-tractor-fm120?_pos=1&_sid=16fd8617a&_ss=r,1299,,1499,1499,,1499,1499,,51,28,24,473,65,,,,
150147,150147,,FM150,Flail Mowers,https://mechmaxx.com/products/mechmaxx-finishing-mower-for-tractor-fm150,1399,,1599,1599,,1599,1599,,63,34,24,503,70,,,,
150148,150148,,FM180,Flail Mowers,https://mechmaxx.com/products/mechmaxx-finishing-mower-for-tractor-fm180,1499,,1799,1799,,1799,1799,,73,38,24,551,85,,,,
150149,150149,,ATV120,Flail Mowers,https://mechmaxx.com/products/mechmaxx-48in-working-width-flail-mower-atv?_pos=1&_sid=c167d9d41&_ss=r,2199,,2899,2899,,2899,2899,,61,31,39,705,70,125835,,,
150209,150209,,ERM80,Flail Mowers,https://mechmaxx.com/products/31-5-inch-remote-control-operation-3-point-boom-mower-erm80?_pos=1&_sid=ff59f3cc2&_ss=r,5299,,6999,6999,,6999,6999,,50,25,91,855,85,,,,
150133,150133,,ATV120,Flail Mowers,https://mechmaxx.com/products/mechmaxx-48-tow-behind-atv-offset-flail-mower-13-5hp-gas-engine-powered-atv120?_pos=1&_sid=6a5e92079&_ss=r,2599,,3399,3399,,3399,3399,,61,31,39,717,85,,,,
150291,150291,,ATV140,Flail Mowers,https://mechmaxx.com/products/55-tow-behind-atv-offset-flail-mower-gas-engine-adjustable-mowing-height-atv140,2999,,3899,3899,,3899,3899,,69,31,41,791,70,,,,
150178,150178,,BX42S,Chippers/Shredders,https://mechmaxx.com/products/mechmaxx-pto-wood-chipper,1399,,1699,1699,,1699,1699,,45,34,31,461,70,123950,,,
150178G,150178G,,BX42S,Chippers/Shredders,https://mechmaxx.com/products/3-point-pto-wood-chipper-attachment-for-tractors-up-to-45hp-pto-shaft-included-bx42s,1399,,1699,1699,,1699,1699,,45,34,31,461,70,123950,,,
150180,150180,,WC68H,Chippers/Shredders,https://mechmaxx.com/products/6in-20-50-hp-3-point-hydraulic-wood-chipper-for-tractors-wc68h?_pos=1&_sid=03f48be7f&_ss=r,2099,,2699,2699,,2699,2699,,45,33,46,791,70,123950,,,
150151,150151,,SG24,Stump Grinders,https://mechmaxx.com/products/mechmaxx-24-cutting-wheel-stump-grinder-for-tractor-3pt-hitch-540-rpm-pto?_pos=1&_sid=643b52183&_ss=r,1199,,1499,1499,,1499,1499,,39,30,33,538,65,,,,
150151G,150151G,,SG24,Stump Grinders,https://mechmaxx.com/products/3-point-hitch-pto-stump-grinder-with-34-carbide-teeth-slip-clutch-for-15-45hp-tractor-model-sg24-copy,1199,,1499,1499,,1499,1499,,39,30,33,538,65,,,,
150182,150182,,SG24PRO,Stump Grinders,https://mechmaxx.com/products/3-point-pto-stump-grinder-for-15-45hp-tractor-sg24pro-orange,1399,,1699,1699,,1699,1699,,39,30,32,569,65,,,,
150182G,150182G,,SG24PRO,Stump Grinders,https://mechmaxx.com/products/3-point-pto-stump-grinder-for-15-45hp-tractor-sg24pro-green,1399,,1699,1699,,1699,1699,,39,30,32,569,65,,,,
150183,150183,,SG28,Stump Grinders,https://mechmaxx.com/products/3-point-pto-stump-grinder-with-44-carbide-teeth-for-35-80hp-tractor-sg28,1799,,2399,2399,,2399,2399,,37,34,35,719,65,,,,
150183G,150183G,,SG28,Stump Grinders,https://mechmaxx.com/products/3-point-pto-stump-grinder-with-44-carbide-teeth-for-35-80hp-tractor-sg28-green,1799,,2399,2399,,2399,2399,,37,34,35,719,65,,,,
150181,150181,,SG30,Stump Grinders,https://mechmaxx.com/products/3-point-pto-stump-grinder-with-44-carbide-teeth-pto-shaft-included-with-slip-clutch-for-35-80hp-tractor-sg30pro-1,2099,,2899,2899,,2899,2899,,39,33,36,789,65,,,,
150181G,150181G,,SG30,Stump Grinders,https://mechmaxx.com/products/3-point-pto-stump-grinder-with-44-carbide-teeth-pto-shaft-included-with-slip-clutch-for-35-80hp-tractor,2099,,2899,2899,,2899,2899,,39,33,36,789,65,,,,
150152,150152,,TSG61,Stump Grinders,https://mechmaxx.com/products/150152mechmaxx-30-50-hp-stump-grinder-for-tractor-pto-drive-shaft,2299,,2999,2999,,2999,2999,,67,40,41,778,85,,,,
150165,150165,,SM18,Sawmills,https://mechmaxx.com/products/industrial-18-portable-sawmill-212cc-7hp-gasoline-engine-7-log-length-10-track-bed?_pos=1&_sid=b43e16260&_ss=r,1499,,1699,1699,,1699,1699,,62,21,30,410,70,,,,
150320,150320,,SM22,Sawmills,https://mechmaxx.com/products/22-portable-sawmill-224cc-7hp-gasoline-engine-20-board-width-13-track-length-sm22?_pos=1&_sid=39c6374d2&_ss=r,1549,,1799,1799,,1799,1799,,87,20,33,580,70,,,,
150169,150169,,SM22,Sawmills,https://mechmaxx.com/products/22-portable-sawmill-270cc-9hp-gasoline-engine-20-board-width-13-track-length-sm22,1599,,1999,1999,,1999,1999,,87,19,32,600,70,,,,
150169K4,150169K4,,SM22,Sawmills,https://mechmaxx.com/products/22-portable-sawmill-kohler-277cc-e-start-gasoline-engine-20-board-width-13-track-length-sm-22,1899,,2299,2299,,2299,2299,,88,20,33,608,70,,,,
150166,150166,,SM26,Sawmills,https://mechmaxx.com/products/industrial-26-portable-sawmill-420cc-15hp-gasoline-engine-21-board-width-11-log-length-14-track-bed?_pos=1&_sid=0ad0ccedb&_ss=r,1899,,2299,2299,,2299,2299,,87,25,34,842,70,,,,
150166D6,150166D6,,SM26,Sawmills,https://mechmaxx.com/products/26-portable-sawmill-5x-blades-included-420cc-15hp-e-start-gasoline-engine-22-track-width-20-track-length-6-6-track-extension-included-model-sm-26,2099,,2599,2599,,2599,2599,,89,25,34,944,70,,,,
150166K6,150166K6,,SM26,Sawmills,https://mechmaxx.com/products/26-portable-sawmill-5x-blades-included-kohler-ch440-429cc-e-start-gasoline-engine-22-board-width-20-track-length-13-track-length-6-6-track-extension-included-sm-26,2399,,2799,2799,,2799,2799,,87,25,33,970,65,,,,
150167,150167,,SM32,Sawmills,https://mechmaxx.com/products/industrial-32-portable-sawmill-420cc-15hp-gasoline-engine-29-board-width-32-log-length-14-track-bed?_pos=1&_sid=bdd6ff9a8&_ss=r,2099,,2599,2599,,2599,2599,,90,26,34,895,70,,,,
150167D6,150167D6,,SM32,Sawmills,https://mechmaxx.com/products/32-portable-sawmill-420cc-15hp-e-start-gasoline-engine-29-board-width-17-log-length-13-track-bed,2399,,2899,2899,,2899,2899,,90,25,34,1025,65,129060,,,
150167K4,150167K4,,SM32,Sawmills,https://mechmaxx.com/products/32-portable-sawmill-420cc-15hp-e-start-kohler-gasoline-engine-29-board-width-11-log-length-13-track-bed,2399,,2899,2899,,2899,2899,,90,26,34,908,70,,,,
150167K6,150167K6,,SM32,Sawmills,https://mechmaxx.com/products/32-portable-sawmill-429cc-14hp-e-start-gasoline-engine-29-board-width-17-log-length-20-track-bed,2899,,3399,3399,,3399,3399,,90,32,34,1041,70,,,,
150167H6,150167H6,,SM32,Sawmills,https://mechmaxx.com/products/32-inch-portable-sawmill-honda-gasoline-engine-20-inch-track-length-sm32,2999,,3799,3799,,3799,3799,,90,25,34,1047,65,,,,
150168MAX,150168MAX,,SM36,Sawmills,https://mechmaxx.com/products/36-portable-sawmill-25hp-750cc-zonsen-v-twin-engine-32-board-width-20-track-length-10-x-blades-included-sm36max?_pos=1&_sid=37bec4733&_ss=r,3199,,3899,3899,,3899,3899,,90,29,34,1239,65,,,,
150268,150268,,SM36,Sawmills,https://mechmaxx.com/products/36-max-portable-sawmill-25hp-750cc-zonsen-v-twin-engine-35-board-width-20-track-length-10-x-blades-included-sm-36max,2999,,3599,3599,,3599,3599,,90,32,34,1199,70,,,,
150168HMAX,150168HMAX,,SM36,Sawmills,https://mechmaxx.com/products/36-max-portable-sawmill-25hp-honda-gx690-v-twin-engine-36-board-width-20-track-length-10-x-blades-included-sm36hmax-1,4399,,5199,5199,,5199,5199,,90,29,34,1257,65,,,,
410719,410719,,,Sawmills,https://mechmaxx.com/products/sm-22-trailer-combo-kit-for-13-track-length-sawmill?_pos=1&_sid=fdfc7c8cf&_ss=r,959,,999,999,,999,999,,87,28,11,328,70,,,,
150230,150230,,SBE50,Edgers,https://mechmaxx.com/products/single-blade-edger-sbe50?_pos=1&_sid=41945fd07&_ss=r,1299,,1499,1499,,1499,1499,,90,32,22,397,92.5,,,,
150301,150301,,HC2016,Firewood Conveyors,https://mechmaxx.com/products/hydraulic-belt-conveyor-gasoline-powered-max-124-lift-height?_pos=1&_sid=288044f7d&_ss=r,3199,,3899,3899,,3899,3899,,90,38,33,1113,70,,,,
150302,150302,,HC2320,Firewood Conveyors,https://mechmaxx.com/products/heavy-duty-firewood-conveyor-9hp-270cc-gasoline-powered-max-180-lift-height-276-length-24-width-hc2320,4299,,5699,5699,,5699,5699,,90,46,38,1883,70,,,,
150243,150243,,KT34,Log Splitters,https://mechmaxx.com/products/34-ton-kinetic-log-splitter-7-hp-ducar-gasoline-engine-28-log-diameter-capacity-3-sec-cycle-time-kt34,1679,,2299,2299,,2299,2299,,69,30,28,628,70,,,,
150244,150244,,HLS20,Log Splitters,https://mechmaxx.com/products/honda-gx390-engine-firewood-log-splitter-processor-conveyor-20ton-splitting-force-24-x-15-log-capacity-18-stihl-chainsaw-hls20,5299,,6999,6999,,6999,6999,,90,38,45,1521,70,130325,,,
150245,150245,,HLS20,Log Splitters,https://mechmaxx.com/products/firewood-log-splitter-processor-conveyor-20ton-splitting-force-24-x-15-log-capacity-18-stihl-chainsaw-hls20,4599,,5999,5999,,5999,5999,,90,38,45,1521,70,,,,
203013,203013,,EDC210C,Desiccator Cabinets,https://mechmaxx.com/products/1-10-rh-electronic-dry-cabinet-210l-esd-desiccator-cabinet-ultra-low-humidity-storage-edc210c?_pos=1&_sid=a3da9f591&_ss=r,1199,,1599,1599,,1599,1599,,28,31,33,146,,,,,
204002,204002,,HPW40H,Pressure Washers,https://mechmaxx.com/products/4000-psi-4-gpm-honda-e-start-engine-hot-water-pressure-washer-with-hose-reel?_pos=1&_sid=c94914d74&_ss=r,3199,,4199,4199,,4199,4199,,44,26,50,507,85,114000,,,
204003,204003,,HPW40HT,Pressure Washers,https://mechmaxx.com/products/4000-psi-4-gpm-honda-e-start-engine-hot-water-pressure-washer-skid-mounted-with-175-gal-tank,3899,,5199,5199,,5199,5199,,63,42,50,723,125,114000,,,
204004,204004,,HPW40HBT,Pressure Washers,https://mechmaxx.com/products/4000-psi-4-gpm-honda-e-start-engine-hot-water-pressure-washer-skid-mounted-with-245-gal-tank,4199,,5699,5699,,5699,5699,,85,42,50,749,125,114000,,,
204006,204006,,HPW40D,Pressure Washers,https://mechmaxx.com/products/4000-psi-4-gpm-15-hp-e-start-gas-engine-hot-water-pressure-washer-with-hose-reel?_pos=1&_sid=c5c5e4f5e&_ss=r,2599,,3399,3399,,3399,3399,,44,26,50,507,85,114000,,,
204007,204007,,HPW40DT,Pressure Washers,https://mechmaxx.com/products/4000-psi-4-gpm-15-hp-e-start-gas-engine-hot-water-pressure-washer-skid-mounted-with-175-gal-tank?_pos=1&_sid=8eb73d4cb&_ss=r,3299,,4399,4399,,4399,4399,,63,42,50,728,100,114000,,,
204008,204008,,HPW40DBT,Pressure Washers,https://mechmaxx.com/products/4000-psi-4-gpm-15-hp-e-start-gas-engine-hot-water-pressure-washer-skid-mounted-with-245-gal-tank?_pos=1&_sid=4ddf8e68f&_ss=r,3599,,4899,4899,,4899,4899,,85,42,50,750,125,114000,,,
204010,204010,,HPW40K,Pressure Washers,https://mechmaxx.com/products/4000-psi-4-gpm-kohler-e-start-engine-hot-water-pressure-washer-with-hose-reel-hpw40k?_pos=1&_sid=2ac814d07&_ss=r,2899,,3799,3799,,3799,3799,,44,26,50,507,85,114000,,,
204011,204011,,HPW40KT,Pressure Washers,https://mechmaxx.com/products/4000-psi-4-gpm-kohler-e-start-engine-hot-water-pressure-washer-skid-mounted-with-175-gal-tank-hpw40kt?_pos=1&_sid=fdb11d2c9&_ss=r,3599,,4799,4799,,4799,4799,,63,42,50,728,100,114000,,,
204012,204012,,HPW40KBT,Pressure Washers,https://mechmaxx.com/products/4000-psi-4-gpm-kohler-e-start-engine-hot-water-pressure-washer-skid-mounted-with-245-gal-tank-hpw40kbt?_pos=1&_sid=4634d7d6d&_ss=r,3899,,5299,5299,,5299,5299,,85,42,50,750,125,133300,,,
202021,202021,,IVA3M,Wet Dry Vacuums,https://mechmaxx.com/products/wet-dry-industrial-vacuum-cleaner?_pos=1&_sid=0921fd33f&_ss=r,2099,,2499,2499,,2499,2499,,29,30,60,146,175,,,,
202022,202022,,IVB230,Wet Dry Vacuums,https://mechmaxx.com/products/wet-dry-industrial-vacuum-cleaner-230v-3phase,3999,,4999,4999,,4999,4999,,45,26,65,386,100,,,,
202023,202023,,IVB480,Wet Dry Vacuums,https://mechmaxx.com/products/wet-dry-industrial-vacuum-cleaner-480v-3phase,3999,,4999,4999,,4999,4999,,45,26,65,386,100,,,,
202001,202001,,LPT33,Pallet Jacks,https://mechmaxx.com/products/lithium-full-electric-pallet-jack-truck-3300lbs-capacity-48-x-27-fork?_pos=1&_sid=73c971cef&_ss=r,1599,,1999,1999,,1999,1999,Pre-Order,68,28,31,441,85,,,,
202002,202002,,LPT44,Pallet Jacks,https://mechmaxx.com/products/4400lbs-capacity-lithium-full-electric-pallet-jack-truck-48-x-27-fork,1799,,2399,2399,,2399,2399,Pre-Order,68,28,31,448,85,,,,
202003,202003,,EPT33,Pallet Jacks,https://mechmaxx.com/products/full-electric-powered-pallet-jack-truck-3300lbs-capacity-48-x-27-fork,1699,,2199,2199,,2199,2199,,68,28,31,496,85,,,,
202011,202011,,EPT44,Pallet Jacks,https://mechmaxx.com/products/full-electric-powered-pallet-jack-truck-4400lbs-capacity-45-x-27-fork-ept44,1999,,2599,2599,,2599,2599,Sold Out,68,28,31,507,85,,,,
202006,202006,,S33-118S,Stackers,https://mechmaxx.com/products/semi-electric-straddle-stacker-118-lift-3300lbs-capacity-with-adj-legs-and-forks?_pos=1&_sid=315a0c6d9&_ss=r,2499,,3299,3299,,3299,3299,,39,37,87,1365,70,,,,
202012,202012,,S33-138S,Stackers,https://mechmaxx.com/products/semi-electric-straddle-stacker-138-lift-3300lbs-capacity-with-adj-legs-and-forks-s33-138s?_pos=1&_sid=1a7833257&_ss=r,2599,,3499,3499,,3499,3499,,39,37,97,1334,70,,,,
202013,202013,,F26-98S,Stackers,https://mechmaxx.com/products/full-electric-straddle-stacker-98-lift-2640lbs-capacity-with-adj-legs-and-forks-f26-98s?_pos=1&_sid=ffb45019e&_ss=r,3599,,4899,4899,,4899,4899,,39,37,77,1400,70,,,,
202007,202007,,F26-118S,Stackers,https://mechmaxx.com/products/full-electric-straddle-stacker-118-lift-2640lbs-capacity-with-adj-legs-and-forks,3899,,5199,5199,,5199,5199,,39,37,87,1455,70,,,,
202008,202008,,F26-138S,Stackers,https://mechmaxx.com/products/full-electric-straddle-stacker-138-lift-2640lbs-capacity-with-adj-legs-and-forks,3999,,5399,5399,,5399,5399,,39,37,96,1510,70,,,,
202009,202009,,F33-98S,Stackers,https://mechmaxx.com/products/full-electric-straddle-stacker-98-lift-3300lbs-capacity-with-adj-legs-and-forks?_pos=1&_sid=7605760a9&_ss=r,3899,,5199,5199,,5199,5199,,43,37,77,1455,70,,,,
202010,202010,,F33-118S,Stackers,https://mechmaxx.com/products/full-electric-straddle-stacker-118-lift-3300lbs-capacity-with-adj-legs-and-forks?_pos=1&_sid=a3d927173&_ss=r,3999,,5399,5399,,5399,5399,,43,37,87,1510,70,,,,
202014,202014,,F33-138S,Stackers,https://mechmaxx.com/products/full-electric-straddle-stacker-138-lift-3300lbs-capacity-with-adj-legs-and-forks-f33-138s?_pos=1&_sid=b548f8c49&_ss=r,4099,,5599,5599,,5599,5599,,43,37,96,1565,70,,,,
100900,100900,,D50HTFL,Dumpers,https://mechmaxx.com/products/500kg-loading-tracked-mini-dumper-transporter-with-high-lift?_pos=1&_sid=371adaa90&_ss=r,3199,,3999,3999,,3999,3999,Pre-Order,76,30,51,1012,70,193100,,,
201028,201028,,SFM27W,Flail Mowers,https://mechmaxx.com/products/wheel-type-walk-behind-flail-mower?_pos=1&_sid=5f343fe26&_ss=r,2399,,2999,2999,,2999,2999,,57,33,39,451,92.5,125835,,,
201029,201029,,SFM27T,Flail Mowers,https://mechmaxx.com/products/track-type-walk-behind-flail-mower,2699,,3399,3399,,3399,3399,,57,33,42,550,85,125835,,,
201042,201042,,TSB48,Snow Blowers,https://mechmaxx.com/products/48-3-point-hitch-snow-blower-pto-driven-for-hp-tractors-tsb48,2099,,2399,2399,,2399,2399,Sold Out,55,45,33,816,70,130205,,,
201015,201015,,TSB60,Snow Blowers,https://mechmaxx.com/products/mechmaxx-60-3-point-hitch-snow-blower-pto-driven-for-18-30-hp-tractors-tsb60,2199,,2399,2399,,2399,2399,,61,45,33,888,70,130205,,,
201016,201016,,TSB72,Snow Blowers,https://mechmaxx.com/products/mechmaxx-72-3-point-hitch-snow-blower-pto-driven-for-25-65-hp-tractors-tsb72,2299,,2599,2599,,2599,2599,,73,45,33,948,70,130205,,,
201016T,201016T,,TSB72T,Snow Blowers,https://mechmaxx.com/products/72-3-point-hitch-snow-blower-pto-driven-for-hp-tractors-tsb72t,2299,,2599,2599,,2599,2599,,73,45,33,948,70,130205,,,
201043,201043,,TSB84,Snow Blowers,https://mechmaxx.com/products/84-3-point-hitch-snow-blower-pto-driven-for-hp-tractors-tsb84,2599,,2899,2899,,2899,2899,,87,45,33,1080,85,130205,,,
201043T,201043T,,TSB84T,Snow Blowers,https://mechmaxx.com/products/84-3-point-hitch-snow-blower-pto-driven-for-hp-tractors-tsb84t,2599,,2899,2899,,2899,2899,,87,45,33,1080,85,130205,,,
201042T,201042T,,TSB48T,Snow Blowers,https://mechmaxx.com/products/48-3-point-hitch-snow-blower-pto-driven-for-hp-tractors-tsb48t?_pos=1&_sid=7beb3b710&_ss=r,2099,,2399,2399,,2399,2399,Sold Out,87,45,33,816,70,130205,,,
201015T,201015T,,TSB60T,Snow Blowers,https://mechmaxx.com/products/60-3-point-hitch-snow-blower-pto-driven-for-hp-tractors-tsb60t,2199,,2399,2399,,2399,2399,Sold Out,61,45,33,888,70,130205,,,
203001,203001,,EDC320A,Desiccator Cabinets,https://mechmaxx.com/products/320-l-dry-cabinet-20-60-rh?_pos=1&_sid=59d55469e&_ss=r,1399,,1799,1799,,1799,1799,Sold Out,40,22,47,204,100,,,,
203002,203002,,EDC540A,Desiccator Cabinets,https://mechmaxx.com/products/540-l-dry-cabinet-20-60-rh?_pos=1&_sid=768c23568&_ss=r,1799,,2299,2299,,2299,2299,Sold Out,28,31,66,243,125,,,,
203003,203003,,EDC880A,Desiccator Cabinets,https://mechmaxx.com/products/880-l-electric-dry-cabinets-20-60-rh-desiccator-cabinet-low-humidity?_pos=1&_sid=edb0a11d6&_ss=r,2199,,2799,2799,,2799,2799,,40,28,81,370,125,,,,
203004,203004,,EDC1430A-6,Desiccator Cabinets,https://mechmaxx.com/products/1430-l-electric-dry-cabinet-20-60-rh-desiccator-cabinet-low-humidity?_pos=1&_sid=d7fdfa591&_ss=r,2599,,3399,3399,,3399,3399,,51,31,80,477,125,,,,
203005,203005,,EDC320C,Desiccator Cabinets,https://mechmaxx.com/products/320-l-electric-dry-cabinet-1-10-rh-desiccator-cabinet-low-humidity?_pos=1&_sid=18ae0d18a&_ss=r,1599,,2099,2099,,2099,2099,,40,22,47,209,100,,,,
203006,203006,,EDC540C,Desiccator Cabinets,https://mechmaxx.com/products/540-l-electric-dry-cabinet-1-10-rh-desiccator-cabinet-low-humidity?_pos=1&_sid=9c35fd3ae&_ss=r,1899,,2599,2599,,2599,2599,,28,31,66,249,125,,,,
203007,203007,,EDC880C,Desiccator Cabinets,https://mechmaxx.com/products/880-l-electric-dry-cabinet-1-10-rh-desiccator-cabinet-low-humidity?_pos=1&_sid=ae289dc30&_ss=r,2399,,3099,3099,,3099,3099,Sold Out,40,28,81,380,125,,,,
203008,203008,,EDC1430C-6,Desiccator Cabinets,https://mechmaxx.com/products/1430-l-electric-dry-cabinet-1-10-rh-desiccator-cabinet-low-humidity?_pos=1&_sid=70110ed5c&_ss=r,2899,,3699,3699,,3699,3699,,51,31,80,492,125,,,,
203009,203009,,NC1430B-6,Desiccator Cabinets,https://mechmaxx.com/products/1430-l-nitrogen-dry-cabinet-1-60-rh-desiccator-cabinet-low-humidity?_pos=1&_sid=c792d59dc&_ss=r,2999,,3899,3899,,3899,3899,,55,31,80,486,125,,,,
203010,203010,,EDC730A,Desiccator Cabinets,https://mechmaxx.com/products/20-60-rh-electronic-dry-cabinet-730l-esd-desiccator-cabinet-low-humidity-storage-edc730a?_pos=1&_sid=5af739dad&_ss=r,1999,,2599,2599,,2599,2599,,28,31,79,295,125,,,,
203011,203011,,EDC730C,Desiccator Cabinets,https://mechmaxx.com/products/1-10-rh-electronic-dry-cabinet-730l-esd-desiccator-cabinet-ultra-low-humidity-storage-edc730c?_pos=1&_sid=b71629c72&_ss=r,2199,,2899,2899,,2899,2899,,28,31,79,306,125,,,,
203012,203012,,EDC210A,Desiccator Cabinets,https://mechmaxx.com/products/20-60-rh-electronic-dry-cabinet-210l-esd-desiccator-cabinet-low-humidity-storage-edc210a?_pos=1&_sid=4b1a00d85&_ss=r,999,,1299,1299,,1299,1299,,28,31,33,146,,,,,
202013LA,202013LA,,F26-98SLA,Stackers,https://mechmaxx.com/products/2640lbs-electric-straddle-stacker-98-lift-adjustable-legs-forks-f26-98sla?_pos=1&_sid=fbf33d299&_ss=r,3299,,4399,4399,,4399,4399,,39,37,77,1455,65,,,,
202007LA,202007LA,,F26-118SLA,Stackers,https://mechmaxx.com/products/2640lbs-electric-straddle-stacker-118-lift-adjustable-legs-forks-f26-118sla?_pos=1&_sid=bad636f74&_ss=r,3499,,4699,4699,,4699,4699,,39,37,87,1510,70,,,,
202008LA,202008LA,,F26-138SLA,Stackers,https://mechmaxx.com/products/2640lbs-electric-straddle-stacker-138-lift-adjustable-legs-forks-f26-138sla?_pos=1&_sid=ee20cd852&_ss=r,3699,,4899,4899,,4899,4899,,39,37,96,1565,70,,,,
202009LA,202009LA,,F33-98SLA,Stackers,https://mechmaxx.com/products/3300lbs-electric-straddle-stacker-98-lift-adjustable-legs-forks-f33-98sla?_pos=1&_sid=57d6d94a0&_ss=r,3499,,4699,4699,,4699,4699,Sold Out,43,37,77,1510,70,,,,
202010LA,202010LA,,F33-118SLA,Stackers,https://mechmaxx.com/products/3300lbs-electric-straddle-stacker-118-lift-adjustable-legs-forks-f33-118sla?_pos=1&_sid=d146cd942&_ss=r,3699,,4899,4899,,4899,4899,,43,37,87,1565,70,,,,
202014LA,202014LA,,F33-138SLA,Stackers,https://mechmaxx.com/products/3300lbs-electric-straddle-stacker-138-lift-adjustable-legs-forks-f33-138sla?_pos=1&_sid=71276ce0a&_ss=r,3799,,5099,5099,,5099,5099,Sold Out,43,37,96,1620,70,,,,
203012W,203012W,,EDC210AW,Desiccator Cabinets,https://mechmaxx.com/products/20-60-rh-electronic-dry-cabinet-210l-esd-desiccator-cabinet-low-humidity-storage-white-edc210aw?_pos=1&_sid=06174db08&_ss=r,999,,1299,1299,,1299,1299,,28,31,33,146,,,,,
203001W,203001W,,EDC320AW,Desiccator Cabinets,https://mechmaxx.com/products/20-60-rh-electronic-dry-cabinet-320l-esd-desiccator-cabinet-low-humidity-storage-white-edc320aw?_pos=1&_sid=9401b829d&_ss=r,1399,,1799,1799,,1799,1799,,40,22,47,204,100,,,,
203002W,203002W,,EDC540AW,Desiccator Cabinets,https://mechmaxx.com/products/20-60-rh-electronic-dry-cabinet-540l-esd-desiccator-cabinet-low-humidity-storage-white-edc540aw?_pos=1&_sid=bb2d13c72&_ss=r,1799,,2299,2299,,2299,2299,,28,31,66,243,125,,,,
203010W,203010W,,EDC730AW,Desiccator Cabinets,https://mechmaxx.com/products/20-60-rh-electronic-dry-cabinet-730l-esd-desiccator-cabinet-low-humidity-storage-white-edc730aw?_pos=1&_sid=df943197b&_ss=r,1999,,2599,2599,,2599,2599,,28,31,79,295,125,,,,
203003W,203003W,,EDC880AW,Desiccator Cabinets,https://mechmaxx.com/products/20-60-rh-electronic-dry-cabinet-880l-esd-desiccator-cabinet-low-humidity-storage-white-edc880aw?_pos=1&_sid=586d603f1&_ss=r,2199,,2799,2799,,2799,2799,,40,28,81,370,125,,,,
203004W,203004W,,EDC1430AW-6,Desiccator Cabinets,https://mechmaxx.com/products/20-60-rh-electronic-dry-cabinet-1430l-esd-desiccator-cabinet-low-humidity-storage-white-edc1430aw-6?_pos=1&_sid=9e2836708&_ss=r,2599,,3399,3399,,3399,3399,,51,31,80,477,125,,,,
203013W,203013W,,EDC210CW,Desiccator Cabinets,https://mechmaxx.com/products/1-10-rh-electronic-dry-cabinet-210l-esd-desiccator-cabinet-ultra-low-humidity-storage-white-edc210cw?_pos=1&_sid=1c13e06e1&_ss=r,1199,,1599,1599,,1599,1599,,28,31,33,146,,,,,
203005W,203005W,,EDC320CW,Desiccator Cabinets,https://mechmaxx.com/products/1-10-rh-electronic-dry-cabinet-320l-esd-desiccator-cabinet-ultra-low-humidity-storage-white-edc320cw?_pos=1&_sid=9c1f8986d&_ss=r,1599,,2099,2099,,2099,2099,,40,22,47,209,100,,,,
203006W,203006W,,EDC540CW,Desiccator Cabinets,https://mechmaxx.com/products/1-10-rh-electronic-dry-cabinet-540l-esd-desiccator-cabinet-ultra-low-humidity-storage-white-edc540cw?_pos=1&_sid=3d29ae6a3&_ss=r,1899,,2599,2599,,2599,2599,,28,31,66,249,125,,,,
203011W,203011W,,EDC730CW,Desiccator Cabinets,https://mechmaxx.com/products/1-10-rh-electronic-dry-cabinet-730l-esd-desiccator-cabinet-ultra-low-humidity-storage-white-edc730cw?_pos=1&_sid=c5a815360&_ss=r,2199,,2899,2899,,2899,2899,,28,31,79,306,125,,,,
203007W,203007W,,EDC880CW,Desiccator Cabinets,https://mechmaxx.com/products/1-10-rh-electronic-dry-cabinet-880l-esd-desiccator-cabinet-ultra-low-humidity-storage-white-edc880cw?_pos=1&_sid=67ba30068&_ss=r,2399,,3099,3099,,3099,3099,,40,28,81,380,125,,,,
203008W,203008W,,EDC1430CW-6,Desiccator Cabinets,https://mechmaxx.com/products/1-10-rh-electronic-dry-cabinet-1430l-esd-desiccator-cabinet-ultra-low-humidity-storage-white-edc1430cw-6?_pos=1&_sid=2bc38b65d&_ss=r,2899,,3699,3699,,3699,3699,,51,31,80,492,125,,,,
203009W,203009W,,NC1430BW-6,Desiccator Cabinets,https://mechmaxx.com/products/1-60-rh-nitrogen-dry-cabinet-1430l-esd-desiccator-cabinet-low-humidity-storage-white-nc1430bw-6?_pos=1&_sid=2dfd2c36e&_ss=r,2999,,3899,3899,,3899,3899,Sold Out,55,31,80,486,125,,,,
203009SS,203009SS,,NC1430BSS-6,Desiccator Cabinets,https://mechmaxx.com/products/1-60-rh-nitrogen-dry-cabinet-1430l-desiccator-cabinet-low-humidity-storage-stainless-steel-nc1430bss-6?_pos=1&_sid=5ea6635e4&_ss=r,3899,,4999,4999,,4999,4999,Sold Out,55,33,80,530,125,,,,
205001H,205001H,,TR60H,Tamping Rammers,https://mechmaxx.com/products/reversible-plate-compactor-pc180h?_pos=1&_sid=d7a3ac769&_ss=r,1469,,2899,2899,,2899,2899,,30,16,47,183,85,,,,
205002L,205002L,,TR90L,Tamping Rammers,https://mechmaxx.com/products/tamping-rammer-tr90l?_pos=1&_sid=0889e4ba2&_ss=r,1169,,1299,1299,,1299,1299,,32,20,47,232,,,,,
205003H,205003H,,TR75H,Tamping Rammers,https://mechmaxx.com/products/tamping-rammer-tr75h?_pos=2&_sid=422f5eb21&_ss=r,1869,,2499,2499,,2499,2499,,32,18,47,213,85,,,,
205004H,205004H,,PC80H,Compactors,https://mechmaxx.com/products/plate-compactor-pc80h?_pos=2&_sid=3e6360e57&_ss=r,1169,,1499,1499,,1499,1499,,,,,,,,,,
205004Z,205004Z,,PC80Z,Compactors,https://mechmaxx.com/products/plate-compactor-pc80z?_pos=2&_sid=de2794d1a&_ss=r,859,,899,899,,899,899,,33,21,29,207,70,,,,
205007H,205007H,,PC180H,Compactors,https://mechmaxx.com/products/reversible-plate-compactor-pc180h?_pos=1&_sid=591e63496&_ss=r,2199,,2899,2899,,2899,2899,,33,22,42,461,65,,,,
205007Z,205007Z,,PC180Z,Compactors,https://mechmaxx.com/products/reversible-plate-compactor-pc180z?_pos=1&_sid=ed73f0c1e&_ss=r,1799,,2099,2099,,2099,2099,,33,22,42,458,65,,,,
205008H,205008H,,FS350H,Concrete Floor Saws,https://mechmaxx.com/products/walk-behind-saw-fs350h?_pos=1&_sid=56f395ea3&_ss=r,1199,,1499,1499,,1499,1499,,36,21,39,228,85,,,,
205008Z,205008Z,,FS350Z,Concrete Floor Saws,https://mechmaxx.com/products/walk-behind-saw-fs350z?_pos=2&_sid=a5d9f6223&_ss=r,949,,1079,1079,,999,999,,36,21,39,226,,,,,
205009H,205009H,,FS480H,Concrete Floor Saws,https://mechmaxx.com/products/walk-behind-saw-fs480h?_pos=1&_sid=652db32d2&_ss=r,1799,,2399,2399,,2399,2399,,45,27,42,321,,,,,
205009Z,205009Z,,FS480Z,Concrete Floor Saws,https://mechmaxx.com/products/walk-behind-saw-fs480z?_pos=2&_sid=1514963ba&_ss=r,1499,,1679,1679,,1599,1599,,45,27,42,318,92.5,,,,
205010H,205010H,,PT22H,Power Trowels,https://mechmaxx.com/products/power-trowel-pt22h?_pos=1&_sid=281efbddb&_ss=r,1099,,1399,1399,,1399,1399,,35,26,29,181,,,,,
205010Z,205010Z,,PT22Z,Power Trowels,https://mechmaxx.com/products/power-trowel-pt22z?_pos=1&_sid=f922163f6&_ss=r,949,,1079,1079,,999,999,,35,26,29,180,,,,,
205011H,205011H,,PT36H,Power Trowels,https://mechmaxx.com/products/power-trowel-pt36h?_pos=1&_sid=e6105978d&_ss=r,1299,,1699,1699,,1699,1699,,40,40,29,291,92.5,,,,
205011Z,205011Z,,PT36Z,Power Trowels,https://mechmaxx.com/products/power-trowel-pt36z?_pos=1&_sid=ad3d1b15e&_ss=r,1159,,1199,1199,,1199,1199,,40,40,29,288,,,,,
205012H,205012H,,PT46H,Power Trowels,https://mechmaxx.com/products/power-trowel-pt46h?_pos=1&_sid=7b8235869&_ss=r,1799,,2399,2399,,2399,2399,,48,48,32,374,,,,,
205012Z,205012Z,,PT46Z,Power Trowels,https://mechmaxx.com/products/power-trowel-pt46z?_pos=1&_sid=e8282587e&_ss=r,1599,,1779,1779,,1699,1699,,48,48,34,389,100,,,,
300001,300001,,M10AC230,Air Compressors,https://mechmaxx.com/products/32cfm-industrial-rotary-screw-air-compressor-10hp-116psi-230v3phase?_pos=1&_sid=5cd66315c&_ss=r,2099,,2999,2999,,2999,2999,,41.3,29.5,37.4,473,70,118100,,,
300002,300002,,M15AC230,Air Compressors,https://mechmaxx.com/products/45cfm-industrial-rotary-screw-air-compressor-15hp-116psi-230v3phase?_pos=1&_sid=9df2e66ef&_ss=r,2799,,3999,3999,,3999,3999,,50,33.46,45.3,704,70,118100,,,
300003,300003,,M20AC230,Air Compressors,https://mechmaxx.com/products/78cfm-industrial-rotary-screw-air-compressor-20-hp-116-psi-230v-3-phase?_pos=1&_sid=0d1502cef&_ss=r,3099,,4499,4499,,4499,4499,,50,36,47,761,70,118100,,,
300004,300004,,M20AC460,Air Compressors,https://mechmaxx.com/products/78cfm-industrial-rotary-screw-air-compressor-20-hp-116-psi-460v-3-phase?_pos=1&_sid=5c1a75e17&_ss=r,3099,,4499,4499,,4499,4499,,50,36,47,761,70,118100,,,
300005,300005,,M30AC230,Air Compressors,https://mechmaxx.com/products/106cfm-industrial-rotary-screw-air-compressor-30hp-116psi-230v3phase?_pos=1&_sid=8d1cff93e&_ss=r,3999,,5599,5599,,5599,5599,,54,41,55,1091,70,118100,,,
300006,300006,,M30AC460,Air Compressors,https://mechmaxx.com/products/106cfm-industrial-rotary-screw-air-compressor-30hp-116psi-460v3phase?_pos=1&_sid=80eadca5f&_ss=r,3999,,5599,5599,,5599,5599,,54,41,55,1091,70,118100,,,
300007,300007,,M50AC230,Air Compressors,https://mechmaxx.com/products/220cfm-industrial-rotary-screw-air-compressor-50hp-116psi-230v-3phase?_pos=1&_sid=181bb016b&_ss=r,5299,,7299,7299,,7299,7299,,61,45,59,1532,70,118100,,,
300008,300008,,M50AC460,Air Compressors,https://mechmaxx.com/products/220cfm-industrial-rotary-screw-air-compressor-50hp-116psi-460v-3phase?_pos=1&_sid=cdfb7aa37&_ss=r,5299,,7299,7299,,7299,7299,,61,45,59,1532,70,118100,,,
300009,300009,,ML10,Air Compressors,https://mechmaxx.com/products/32cfm-industrial-rotary-screw-air-compressor-10hp-116psi-230v3p-with-62gal-tank-dryer?_pos=1&_sid=6b1228303&_ss=r,4799,,6599,6599,,6599,6599,,69,35,62,1047,85,,,,
300010,300010,,ML15,Air Compressors,https://mechmaxx.com/products/45cfm-industrial-rotary-screw-air-compressor-15hp-116psi-230v-3p-with-tank-dryer?_pos=1&_sid=6f6181809&_ss=r,5759,,7799,7799,,7799,7799,,76,38,74,1510,92.5,,,,
300011,300011,,ML20,Air Compressors,https://mechmaxx.com/products/78cfm-industrial-rotary-screw-air-compressor-20hp-116psi-230v3p-with-93gal-tank-dryer?_pos=1&_sid=c5ea35a20&_ss=r,6399,,8299,8299,,8299,8299,,76,38,74,1510,85,,,,
300012,300012,,M050AD115V,Air Dryers,https://mechmaxx.com/products/50cfm-refrigerated-air-dryer-1phase-115v-for-air-compressor?_pos=1&_sid=82ff03769&_ss=r,999,,1249,1249,,1249,1249,,22,37,35,198,85,,,,
300013,300013,,M100AD115V,Air Dryers,https://mechmaxx.com/products/100cfm-refrigerated-air-dryer-1phase-115v-for-air-compressor?_pos=1&_sid=f9310ca64&_ss=r,1199,,1599,1599,,1599,1599,,22,37,41,227,92.5,,,,
300014,300014,,M150AD115V,Air Dryers,https://mechmaxx.com/products/150cfm-refrigerated-air-dryer-1phase-115v-for-air-compressor?_pos=1&_sid=b00fde3a3&_ss=r,1499,,2149,2149,,2149,2149,,22,37,41,227,92.5,,,,
300015,300015,,M200AD115V,Air Dryers,https://mechmaxx.com/products/196cfm-refrigerated-air-dryer-1phase-115v-for-air-compressor?_pos=1&_sid=48eed24f2&_ss=r,1799,,2349,2349,,2349,2349,,26,39,45,306,92.5,,,,
300021,300021,,ML2046,Air Compressors,https://mechmaxx.com/products/20hp-combined-rotary-screw-air-compressor-with-dryer-105-gal-asme-tank-78-cfm-116-psi-460v-3-phase-industrial-grade?_pos=1&_sid=2e10062db&_ss=r,6399,,8299,8299,,8299,8299,,76,38,74,1510,85,118100,,,
301001,301001,,MD59A9,Tool Boxes,https://mechmaxx.com/products/heavy-duty-modular-ddrawer-cabinet-9-drawers59x28-1-2x28-1-2?_pos=1&_sid=03587f1cf&_ss=r,1699,,1999,1999,,1999,1999,,30,30,65,529,70,,,,
301002,301002,,MD59A10,Tool Boxes,https://mechmaxx.com/products/heavy-duty-modular-ddrawer-cabinet-10drawers28-5-x-28-5x-59?_pos=1&_sid=4f88bb351&_ss=r,1799,,2049,2049,,2049,2049,,30,30,65,543,70,,,,
301003,301003,,MD59A11,Tool Boxes,https://mechmaxx.com/products/heavy-duty-modular-ddrawer-cabinet-11drawers-59x28-5x28-5?_pos=1&_sid=5ac839c53&_ss=r,1799,,2099,2099,,2099,2099,,30,30,65,549,70,,,,
301004,301004,,MD59B9,Tool Boxes,https://mechmaxx.com/products/heavy-duty-modular-ddrawer-cabinet-9drawers-59x28-5x22-5?_pos=1&_sid=0ff8bfcf2&_ss=r,1399,,1699,1699,,1699,1699,,30,25,65,349,85,,,,
301005,301005,,MD59B10,Tool Boxes,https://mechmaxx.com/products/heavy-duty-modular-ddrawer-cabinet-10drawers-59x28-5x22-5?_pos=1&_sid=2919c4173&_ss=r,1499,,1799,1799,,1799,1799,,30,25,65,357,85,,,,
301006,301006,,MD59B11,Tool Boxes,https://mechmaxx.com/products/heavy-duty-modular-drawer-cabinet-11drawers-59x28-5x22-5?_pos=1&_sid=e0217d212&_ss=r,1499,,1849,1849,,1849,1849,,30,25,65,366,85,,,,
310001,310001,,ELT22,Lift Tables,https://mechmaxx.com/products/stationary-electric-hydraulic-lift-table-2200lb-capacity-platform-size51-2-x-32-3-height39-4?_pos=1&_sid=726dfbb67&_ss=r,1799,,2299,2299,,2299,2299,,53,33,13,529,55,114000,,,
310001B,310001B,,ELT22,Lift Tables,https://mechmaxx.com/products/2200lb-capacity-stationary-electric-hydraulic-lift-table-platform-elt22?_pos=1&_sid=3348ec5bd&_ss=r,1799,,2299,2299,,2299,2299,Sold Out,53,33,13,529,55,114000,,,
310001Y,310001Y,,ELT22,Lift Tables,https://mechmaxx.com/products/2200lb-capacity-stationary-electric-hydraulic-lift-table-elt22?_pos=1&_sid=34d8b1a2e&_ss=r,1799,,2299,2299,,2299,2299,,53,33,13,529,55,114000,,,
310002,310002,,ELT44,Lift Tables,https://mechmaxx.com/products/stationary-powered-hydraulic-lift-table-4400lb-capacity-platform-size51-2-x-33-5-height41-3?_pos=1&_sid=80d7c7b16&_ss=r,2099,,2599,2599,,2599,2599,,53,35,13,617,55,114000,,,
310002B,310002B,,ELT44,Lift Tables,https://mechmaxx.com/products/4400lbs-capacity-stationary-powered-hydraulic-lift-table-51-2-x-33-5-platform-41-3-lift-height-ul-certified-moto-elt44-1?_pos=1&_sid=f49770d5f&_ss=r,2099,,2599,2599,,2599,2599,,53,35,13,617,55,114000,,,
310002Y,310002Y,,ELT44,Lift Tables,https://mechmaxx.com/products/4400lbs-capacity-stationary-powered-hydraulic-lift-table-51-2-x-33-5-platform-41-3-lift-height-ul-certified-moto-elt44?_pos=1&_sid=5b4110727&_ss=r,2099,,2599,2599,,2599,2599,,53,35,13,617,55,114000,,,
310003,310003,,ELT88,Lift Tables,https://mechmaxx.com/products/stationary-powered-hydraulic-lift-table-8800lb-capacity-platform-size66-9-x-47-2-height43-3?_pos=1&_sid=e555cd34c&_ss=r,2599,,3399,3399,,3399,3399,Sold Out,68,48,16,1003,60,114000,,,
310004,310004,,ELTD22,Lift Tables,https://mechmaxx.com/products/stationary-electric-hydraulic-lift-table-2200lb-capacity-platform-size51-2-x-32-3-height70-1?_pos=1&_sid=8b4d4efbe&_ss=r,2099,,2599,2599,,2599,2599,,52,33,17,606,55,114000,,,
310004B,310004B,,ELTD22,Lift Tables,https://mechmaxx.com/products/2200-lbs-capacity-stationary-electric-hydraulic-double-scissor-lift-table-51-2-x-32-3-platform-70-1-lift-height-ul-certified-motor-eltd22?_pos=1&_sid=ae119ef8e&_ss=r,2099,,2599,2599,,2599,2599,,52,33,17,606,55,114000,,,
310004Y,310004Y,,ELTD22,Lift Tables,https://mechmaxx.com/products/2200-lbs-capacity-stationary-electric-hydraulic-double-scissor-lift-table-51-2-x-32-3-platform-70-1-lift-height-ul-certified-motor-eltd22-1?_pos=1&_sid=868bcbe14&_ss=r,2099,,2599,2599,,2599,2599,,52,33,17,606,55,114000,,,
310005,310005,,ELTD22L,Lift Tables,https://mechmaxx.com/products/stationary-powered-hydraulic-lift-table-2200lb-capacity-platform-size86-6-x-51-2-height94-5?_pos=1&_sid=90bc49512&_ss=r,3099,,3599,3599,,3599,3599,Pre-Order,87,52,20,1367,65,114000,,,
310006,310006,,ELTD44,Lift Tables,https://mechmaxx.com/products/stationary-electric-hydraulic-lift-table4400lb-capacity-platform-size51-2-x-33-5-height70-1?_pos=1&_sid=d8d8e6a5d&_ss=r,2299,,2899,2899,,2899,2899,,52,34,17,860,55,114000,,,
310007,310007,,ELTD44L,Lift Tables,https://mechmaxx.com/products/stationary-electric-hydraulic-lift-table-4400lb-capacity-platform-size63-x-39-4-height70-1?_pos=1&_sid=60d179713&_ss=r,2699,,3299,3299,,3299,3299,,64,40,19,948,60,114000,,,
310008,310008,,ELT33P,Lift Tables,https://mechmaxx.com/products/stationary-electric-hydraulic-lift-table-2200lb-capacity-platform-size108-3-x-31-5-height70-1?_pos=1&_sid=c8d8fbac8&_ss=r,3999,,4699,4699,,4699,4699,,109,32,8,1338,50,114000,,,
310009,310009,,ELT66P,Lift Tables,https://mechmaxx.com/products/stationary-electric-hydraulic-lift-table-6600lb-capacity-platform-size112-9-x-39-4-height34-3?_pos=1&_sid=165525585&_ss=r,4399,,5199,5199,,5199,5199,,113,40,9,1765,50,114000,,,
310010,310010,,TF22,Lift Tables,https://mechmaxx.com/products/mobile-scissor-lift-table-cart-2200lb-capacity-platform-size39-4-x-20-2-height39-4?_pos=1&_sid=5651335eb&_ss=r,849,,1029,1029,,949,949,,46,24,17,269,65,114000,,,
310011,310011,,TFD22,Lift Tables,https://mechmaxx.com/products/mobile-scissor-lift-table-cart-2200lb-capacity-platform-size47-2-x-24-height66-9?_pos=1&_sid=d62083f7e&_ss=r,1099,,1349,1349,,1349,1349,,55,24,20,573,55,114000,,,
320001,320001,,UC12,Ultrasonic Cleaners,https://mechmaxx.com/products/12gal-ultrasonic-cleaner-220v-1ph?_pos=1&_sid=ec690c1e9&_ss=r,1799,,2199,2199,,2199,2199,,37.4,27.6,31.3,247,85,,,,
320002,320002,,UC32,Ultrasonic Cleaners,https://mechmaxx.com/products/32gal-ultrasonic-cleaner-220v-3ph?_pos=1&_sid=b2638ecbf&_ss=r,3099,,3999,3999,,3999,3999,,49,31,34,364,85,,,,
320003,320003,,UC81A,Ultrasonic Cleaners,https://mechmaxx.com/products/81gal-ultrasonic-cleaner-with-automatic-oil-skimmer?_pos=1&_sid=ab488822a&_ss=r,6399,,8499,8499,,8499,8499,,62,53,43,783,100,,,,
320004,320004,,UC81B,Ultrasonic Cleaners,https://mechmaxx.com/products/81gal-ultrasonic-cleaner-220v-3ph?_pos=1&_sid=9ebdaaa2a&_ss=r,5799,,7499,7499,,7499,7499,,62,41,42,664,92.5,,,,
320005,320005,,UC110A,Ultrasonic Cleaners,https://mechmaxx.com/products/110gal-ultrasonic-cleaner-with-automatic-oil-skimmer-220v-3ph?_pos=1&_sid=5e029b438&_ss=r,7399,,9599,9599,,9599,9599,,69,53,44,959,92.5,,,,
320006,320006,,UC110B,Ultrasonic Cleaners,https://mechmaxx.com/products/110gal-ultrasonic-cleaner-220v-3ph?_pos=1&_sid=16a2ef726&_ss=r,6499,,8499,8499,,8499,8499,,69,43,44,816,92.5,,,,
