product_title,sku,price
MechMaxx T80HL Mini Dumper 1100lbs 420cc Electric Start Gas Engine Stand-On Hydraulic Track Self-Loading Tipping Lifting New,101301,7953.41
"MechMaxx EFS 60 Flail Mower 60"" Light-Duty 3 Point PTO Driven 15-35HP New",150135G,2157.95
MechMaxx E50 Mini Dumper 1100 lbs Loading Battery Powered Electric Barrow 1000W 48V Brushless DC Motor New,101200Y,2726.14
MechMaxx EH50 Mini Dumper 1100 lbs Loading 1000W 48V Battery Powered Hydraulic Tipping Dump Cart New,101201R,3180.68
"MechMaxx VAM 60 Flail Mower 60"" Standard 3Point Offset Ditch Bank 25-60HP New",150144G,3067.05
"MechMaxx VAM 48 Flail Mower 48"" Standard 3 Point Offset Ditch Bank 25-50HP New",150143G,2839.77
"MechMaxx VAM 65 Flail Mower 65"" Standard 3 Point Offset Ditch Bank 30-60HP New",150145G,3407.95
"MechMaxx VBM100 Flail Mower 100"" Heavy Duty 3 Point Offset Ditch Bank Verge PTO Driven 80-120 HP New",150290,7612.50
MechMaxx SG28 Stump Grinder 3-Point PTO 44 Carbide Teeth Slip Clutch 35-80HP Tractor New,150183G,2498.86
MechMaxx SG24PRO Stump Grinder 3-Point PTO 34 Carbide Teeth for 15-45HP Tractor New,150182G,1930.68
"MechMaxx LPT44 Pallet Jack 4400 lbs Lithium-ion Electric 45x27"" Fork 48V 30Ah Removable Battery Walkie Type New",202002,2726.14
"MechMaxx ELT22 Lift Table 2200 lbs Capacity Stationary Electric Hydraulic 51.2 x 32.3"" Platform 39.4"" Lift Height UL Certified Motor New",310001B,2612.50
"MechMaxx ELTD22 Lift Table 2200 lbs Capacity Stationary Electric Hydraulic Double Scissor 51.2"" x 32.3"" Platform 70.1"" Lift Height UL Certified Motor New",310004Y,2953.41
"MechMaxx ELTD22 Lift Table 2200 lbs Capacity Stationary Electric Hydraulic Double Scissor 51.2"" x 32.3"" Platform 70.1"" Lift Height UL Certified Motor New",310004B,2782.95
"MechMaxx ELT44 Lift Table 4400 lbs Capacity Stationary Powered Hydraulic 51.2 x 33.5"" Platform 41.3"" Lift Height UL Certified Motor New",310002Y,2782.95
MechMaxx BX42S Wood Chipper 3 Point PTO Attachment for Tractors Up to 45HP PTO Shaft Included New,150178G,1930.68
"MechMaxx EFS 48 Flail Mower 48"" Light-Duty 3 Point PTO Driven 15-35HP New",150134G,1930.68
"MechMaxx ELT44 Lift Table 4400 lbs Capacity Stationary Powered Hydraulic 51.2"" x 33.5"" Platform 41.3"" Lift Height UL Certified Motor New",310002B,2782.95
"MechMaxx ELT22 Lift Table 2200 lbs Capacity Stationary Electric Hydraulic 51.2"" x 32.3"" Platform 39.4"" Lift Height UL Certified Motor New",310001Y,2612.50
"MechMaxx MSG20 Skid Steer Stump Grinder 20"" Flywheel Diameter Mini with 24 Carbide Teeth New",150602,2385.23
