Product Description,Model Number,SKU,Dropship Pricing,Platform Selling Price,Profit,Margins,Ships Freight - Yes /No?
4 inch DUCAR 212cc 7hp Gas Engine Powered Wood Chipper with Towbar,GS650,110100,"$1,039.00","$1,299.00",260.00,20%,Yes
HONDA GX200 Gasoline Engine Powered 4 inch Wood Chipper,GS650,110101,"$1,439.00","$1,799.00",360.00,20%,Yes
5 inch E-start DUCAR 420cc Gasoline Engine Powered Wood Chipper,GS1500,110200/110200Y,"$1,699.00","$2,099.00",400.00,19%,Yes
5 inch E-start KOHLER 429cc Gasoline Engine Powered Wood Chipper,GS1500,110200K,"$1,999.00","$2,499.00",500.00,20%,Yes
5 inch E-start DUCAR 420cc 15hp Gasoline Engine Powered Drum Wood Chipper with Towbar,PGS1500,110400,"$1,599.00","$2,099.00",500.00,24%,Yes
5 inch E-start DUCAR 420cc 15hp Gasoline Engine Powered Disc Wood Chipper with Taillight,P4205,110602/110602Y,"$1,799.00","$2,299.00",500.00,22%,Yes
5 inch E-stat KOHLER 429cc 14hp Gasoline Engine Powered Disc Wood Chipper with Taillight,P4205,110601,"$2,199.00","$2,799.00",600.00,21%,Yes
6 inch E-start ZONSEN 459cc 15hp Gasoline Engine Powered Drum Wood Chipper,P4206,110802/110802R/110802Y,"$1,899.00","$2,399.00",500.00,21%,Yes
6 inch E-start B&S VANGUARD 408cc 14hp Gasoline Engine Powered Drum Wood Chipper,P4206,110801/110801Y,"$2,199.00","$2,799.00",600.00,21%,Yes
6 inch ZONSEN E-Start 459cc 15hp Gas Powered 4 - Wheel Drum Wood Chipper with Taillight,B150,110803/110803Y,"$2,099.00","$2,599.00",500.00,19%,Yes
6 inch KOHLER E-Start 429cc 14HP Gas Powered 4 - Wheel Drum Wood Chipper with Taillight,B150,110804,"$2,399.00","$2,999.00",600.00,20%,Yes
6 inch HONDA E-Start Gasoline Engine Powered 4 - Wheel Drum Wood Chipper with Taillight,B150,110805,"$2,799.00","$3,499.00",700.00,20%,Yes
8 inch ZONSEN E-Start 1000cc 35hp Gas Powered 4 - Wheel Drum Wood Chipper with Taillight,B200,110810,"$2,899.00","$3,599.00",700.00,19%,Yes
8 inch HONDA E-Start 688cc 22hp Gas Powered 4 - Wheel Drum Wood Chipper with Taillight,B200,110811,"$4,299.00","$5,399.00","1,100.00",20%,Yes
25hp 750cc Twin Cylinder ZONSEN Petrol Engine 7” Hydraulic Feeding Wood Chipper,DCH7,110700,"$5,399.00","$6,399.00","1,000.00",16%,Yes
HONDA GX690 22HP 688cc Twin Cylinder Gasoline Engine Powered 7” Hydraulic Feeding Wood Chipper,DCH7,110700H,"$7,099.00","$8,599.00","1,500.00",17%,Yes
35hp 1000cc ZONSEN E-Start 8 inch Gas Powered Commerical Wood Chipper with Intelligent Hydraulic Feeding System,TX1000,110701,"$11,999.00","$14,699.00","2,700.00",18%,Yes
MechMaxx 15HP 420cc Gasoline Engine Tree Stump Root Grinder,SGR1500,130200,"$1,399.00","$1,799.00",400.00,22%,Yes
15 inch 15HP 420cc DUCAR E-Start Stump Grinder with Tow Bar,SG380,130300/130300R,"$1,599.00","$2,099.00",500.00,24%,Yes
15-inch 14hp 429cc KOHLER E-Start Stump Grinder with Tow Bar,SG380,130400/130400Y,"$1,999.00","$2,599.00",600.00,23%,Yes
MechMaxx 7HP Gas Powered Cable Ditching Mini Trencher,TCR650,120100,"$2,099.00","$2,299.00",200.00,9%,Yes
"15HP 420cc E-Start Powered 24"" Ditching Trencher",TCR1500,120200/120200R,"$2,099.00","$2,699.00",600.00,22%,Yes
14HP 429cc KOHLER E-start 24'' Ditching Mini Trencher,TCR1500,120201/120201R,"$2,399.00","$2,999.00",600.00,20%,Yes
T25,T25,100101,"$1,499.00","$1,899.00",400.00,21%,Yes
660lbs Capacity 7HP Gas Powered Wheelbarrow Cart T30 3F+1R Gearbox,T30,100200,"$1,499.00","$1,899.00",400.00,21%,Yes
MechMaxx 1100Lbs Load Capacity Petrol Engine Powered Track Mini Dumper,D50MA,100500,"$2,499.00","$3,199.00",700.00,22%,Yes
1800lb 420cc E-start Gas Engine Stand-ON Hydraulic Track Dumper with Self-Loading,T80FL,101300,"$5,039.00","$6,299.00","1,260.00",20%,Yes
"MechMaxx 1100Lbs Loading Battery Powered Barrow Electric Mini Dumper for Sale, 1000W 48V Brushless DC Motor",E50,101200,"$1,659.00","$2,399.00",740.00,31%,Yes
1100lb Loading 1000W DC Motor 48V Battery Powered Hydraulic Tipping Dump Cart,EH50,101201,"$1,799.00","$2,799.00","1,000.00",36%,Yes
"Mini Skid Steer Stand On Compact Track Loader ( 4 in 1 bucket included ) with 25HP KUBOTA D1105 Diesel Engine, Common Industry Interface (CII)",STL1000,101000,"$20,000.00","$22,999.00","2,999.00",13%,Yes
"44'' Mini Skid Steer Rock Bucket, 25'' Overall Depth",RBT44,150505,$779.00,$799.00,20.00,3%,Yes
36'' Boom Length Mini Skid Steer Lifting Jib,LJ36,150510,$499.00,$699.00,200.00,29%,Yes
"36'' Mini Skid Steer Pallet Fork Frame Attachment, 2204 lb Weight Capacity",PF36,150511,$799.00,$859.00,60.00,7%,Yes
16'' Cutting Width Mini Skid Steer Stump Bucket,,150513,$799.00,$899.00,100.00,11%,Yes
300ft-lbs Hydraulic Mini Skid Steer Concrete Breaker Hammer Attachment,BR300,150514,"$2,099.00","$2,699.00",600.00,22%,Yes
36'' Max Opening Mini Skid Steer Stump Grapple Bucket,SGB36,150515,"$1,399.00","$1,699.00",300.00,18%,Yes
44'' Mini Skid Steer Land leveler,LLR44,150516,$769.00,$829.00,60.00,7%,Yes
"42'' Mini Skid Steer Brush Cutter, Hydraulic Motor",BC42,150517,"$2,399.00","$2,999.00",600.00,20%,Yes
44'' Mini Skid Steer Timber Grab 24'' Max Opening,TG44,150518,"$1,599.00","$1,799.00",200.00,11%,Yes
"44” 4-In-1 Combo Mini Skid Steer Bucket Attachment With Quick Attach, Universal Mount",BT44,150504,"$1,599.00","$1,899.00",300.00,16%,Yes
57'' Hydraulic Mini Skid Steer Dozer Blade,HDB57,150520,"$1,599.00","$1,999.00",400.00,20%,Yes
20'' Cutting Depth Mini Skid Steer Trencher,TR20,150521,"$2,299.00","$2,899.00",600.00,21%,Yes
20'' Width Mini Skid Steer Rock Grapple Bucket,RGB44,150522,"$1,299.00","$1,399.00",100.00,7%,Yes
40'' Mini Skid Steer Scarifier,SC40,150523,$639.00,$699.00,60.00,9%,Yes
"Mini Skid Steer Drive Auger with 6"" , 9"" , 12"" Dia. Auger Bits",,150506,"$2,799.00","$3,299.00",500.00,15%,Yes
40'' Working Width Mini Skid Steer Box Broom Sweeper,BS40,150512,"$2,799.00","$3,399.00",600.00,18%,Yes
"42” Mini Skid Steer Skeleton Grapple Attachment, 24” Arm Opening, 2000 lb Weight Capacity",RG42,150503,"$1,199.00","$1,299.00",100.00,8%,Yes
"59"" Multi-purpose Hydraulic Rotating Log Grapple For Mini Skid Steer, 1500lbs Lift Capacity, 360° Rotational Ability",RLG61,150502,"$2,099.00","$2,699.00",600.00,22%,Yes
"37""Mini Skid Steer Drum Forestry Brush Mulcher Attachment, Hydraulic Flow Range 11 To 16 GPM",MCH37,150601,"$4,199.00","$5,699.00","1,500.00",26%,Yes
Mini Skid Steer Snow Blower Attachment,,150524,"$2,699.00","$3,399.00",700.00,21%,Yes
"48'' Light-duty Flail Mower 3 Point 15-35HP , PTO Driven",EFS 48,150134,"$1,399.00","$1,699.00",300.00,18%,Yes
"60'' Light-duty Flail Mower 3 Point 15-35HP , PTO Driven",EFS 60,150135,"$1,499.00","$1,899.00",400.00,21%,Yes
60'' PTO Driven Flail Mower 3 Point 30-60hp,NAM 60,150137,"$1,999.00","$2,499.00",500.00,20%,Yes
68'' PTO Driven Flail Mower 3 Point 30-60hp,NAM 68,150138,"$2,099.00","$2,599.00",500.00,19%,Yes
72'' PTO Driven Flail Mower 3 Point 45-85hp,NAM 72,150139,"$2,199.00","$2,799.00",600.00,21%,Yes
68” PTO Flail Mower with Hydraulic Side Shift 3 Point 30-60hp,NAM 68H,150141,"$2,299.00","$2,899.00",600.00,21%,Yes
72” PTO Flail Mower with Hydraulic Side Shift 3 Point 45-85hp,NAM 72H,150142,"$2,399.00","$3,199.00",800.00,25%,Yes
"63"" Heavy Duty PTO Flail Mower with Hydraulic Side Shift 3 Point 50-75 hp",KDK 63H,150205,"$2,699.00","$3,599.00",900.00,25%,Yes
"72"" Heavy Duty PTO Flail Mower with Hydraulic Side Shift 3 Point 50-75 hp",KDK 72H,150206,"$2,899.00","$3,899.00","1,000.00",26%,Yes
"78"" Heavy Duty PTO Flail Mower with Hydraulic Side Shift 3 Point 50-85 hp",KDK 78H,150207,"$3,099.00","$4,099.00","1,000.00",24%,Yes
"87"" Heavy Duty PTO Flail Mower with Hydraulic Side Shift 3 Point 50-90 hp",KDK 87H,150208,"$3,299.00","$4,599.00","1,300.00",28%,Yes
"48"" Standard 3 Point Offset Flail Ditch Bank Mower, 25-50HP",VAM 48,150143,"$1,899.00","$2,499.00",600.00,24%,Yes
"60"" Standard 3Point Offset Flail Ditch Bank Mower, 25-60HP",VAM 60,150144,"$1,999.00","$2,699.00",700.00,26%,Yes
"65"" Standard 3 Point Offset Flail Ditch Bank Mower, 30-60HP",VAM 65,150145,"$2,299.00","$2,999.00",700.00,23%,Yes
"72” Heavy Duty Offset Ditch Bank Flail Mower Italy CMR Gearbox, 90° Tilt, 70-100 HP Tractor, 3-Point Hitch, PTO Driven",VAM72,150201,"$3,299.00","$4,099.00",800.00,20%,Yes
"72"" Heavy Duty 3Point Offset Ditch Bank Verge Flail Mower Italy CMR Gearbox, 70-110HP, PTO Driven",AGF72,150202,"$3,699.00","$4,599.00",900.00,20%,Yes
"78"" Heavy Duty 3 Point Offset Ditch Bank Verge Flail Mower Italy CMR Gearbox, 80-110HP, PTO Driven",VBM78,150203,"$4,199.00","$5,399.00","1,200.00",22%,Yes
Heavy Duty Ditch Bank Flail Mowers,VBM86,150204,"$4,599.00","$5,699.00","1,100.00",19%,Yes
"MechMaxx 48"" Working Width Finishing Mower for Tractor, 18-50hp, 3 Point , FM120",FM120,150146,"$1,299.00","$1,499.00",200.00,13%,Yes
"MechMaxx 60” Working Width Finishing Mower for Tractor, 18-50hp,3 Point",FM150,150147,"$1,399.00","$1,599.00",200.00,13%,Yes
"MechMaxx 72” Working Width Finishing Mower for Tractor, 18-50hp,3 Point",FM180,150148,"$1,499.00","$1,799.00",300.00,17%,Yes
"MechMaxx 48"" Tow-Behind ATV Offset Flail Mower, 15HP 459cc E-start Gas Engine Powered; Adjustable Mowing Height",ATV120,150149,"$2,199.00","$2,899.00",700.00,24%,Yes
"31.5"" Remote control operation, Maximum Reach 11'2"", 3-Point Boom Mower, Minimum 20hp",ERM80,150209,"$5,299.00","$6,999.00","1,700.00",24%,Yes
"MechMaxx 48"" Tow-Behind ATV Offset Flail Mower, B&S 13.5HP 420cc E-start Gas Engine Powered; Adjustable Mowing Height,",ATV120,150133,"$2,599.00","$3,399.00",800.00,24%,Yes
"MechMaxx 55"" Tow-Behind ATV Offset Flail Mower, 23HP 679cc E-start Gas Engine Powered; Adjustable Mowing Height, ATV140",ATV140,150291,"$2,999.00","$3,899.00",900.00,23%,Yes
3 Point PTO Wood Chipper Attachment For Tractors Up To 45HP (PTO Shaft Included),BX42S,150178,"$1,399.00","$1,699.00",300.00,18%,Yes
6“ 3 Point Hydraulic Feeding PTO Wood Chipper for 20-50HP Tractor,WC68H,150180,"$2,099.00","$2,699.00",600.00,22%,Yes
"3-Point PTO Stump Grinder with 34 Carbide Teeth (PTO Shaft Included with Slip Clutch), for 15-45HP Tractor",SG24,150151/150151G,"$1,199.00","$1,499.00",300.00,20%,Yes
SG24 PRO,SG24PRO,150182,"$1,399.00","$1,699.00",300.00,18%,Yes
"3-Point PTO Stump Grinder with 44 Carbide Teeth (PTO Shaft Included with Slip Clutch), for 35-80HP Tractor, SG28",SG28,150183,"$1,799.00","$2,399.00",600.00,25%,Yes
"3-Point PTO Stump Grinder, 30 in Flywheel, 40-100HP, with 44 Carbide Teeth (PTO Shaft Included with Slip Clutch)",SG30,150181/150181G,"$2,099.00","$2,899.00",800.00,28%,Yes
"24'' Cutting Wheel Hydraulic Cylinders Stump Grinder, (PTO Shaft Included with Slip Clutch) , 35-60hp",TSG61,150152,"$2,299.00","$2,999.00",700.00,23%,Yes
"50"" 3 Point Drum Filled Plug Aerator Fits Cat 1 And 2 Tractors",DLA50,150270,"$1,899.00","$2,399.00",500.00,21%,Yes
"62"" 3 Point Drum Filled Plug Aerator Fits Cat 1 And 2 Tractors",DLA60,150271,"$2,099.00","$2,699.00",600.00,22%,Yes
"8800lbs 3-Point Hitch Forestry Log Skidding Winch, 200ft Cable Length, 25-60 HP Tractor, Category 1 Hookup",FW8800,150210,"$1,899.00","$2,499.00",600.00,24%,Yes
MechMaxx 2-Ton Capacity Heavy-Duty Dump Trailer,DT4X8,150255,"$2,499.00","$3,299.00",800.00,24%,Yes
MechMaxx 2-Ton Capacity Heavy-Duty Dump Trailer,DT4X8W,150256,"$2,899.00","$3,899.00","1,000.00",26%,Yes
"5 Cu-Ft 3-Point Hitch Cement Mixer, PTO Shaft Included, Category 1 & 2 Hookup",CM5,150250,"$1,299.00","$1,699.00",400.00,24%,Yes
"3-Point PTO Mini Round Hay Baler With Twine Wrap, 20"" Diameter x 28"" Width Bales, For 15-50hp Tractor,",HB3120,150215,"$3,699.00","$4,999.00","1,300.00",26%,Yes
"7HP 212cc Gasoline Engine Powered Bale Wrapper, 20 inch Wrapping Diameter",HW20,150216,"$1,699.00","$2,199.00",500.00,23%,Yes
"100” Mechmaxx 3-Point Hitch 6 Rotary Pull-Type Hay Rake Tedder , 15-50Hp",HT100,150217,"$1,799.00","$2,399.00",600.00,25%,Yes
"6FT 3-Point Disc Mower, 4 Disc, 35-80HP Tractor, Cat.2",DM6,150231,"$4,199.00","$5,299.00","1,100.00",21%,Yes
"8FT 3-Point Disc Mower, 6 Disc, 50-100HP Tractor, Cat.2",DM8,150232,"$4,699.00","$5,999.00","1,300.00",22%,Yes
"18"" Portable Sawmill, 212cc 7HP Gasoline Engine, 15"" Board Width, 10' Track Length",SM18,150165,"$1,499.00","$1,699.00",200.00,12%,Yes
"22"" Portable Sawmill, 224cc 7HP DUCAR Gasoline Engine, 18"" Board Width, 13' Track Length",SM22,150320,"$1,549.00","$1,799.00",250.00,14%,Yes
"22"" Portable Sawmill, 274cc 8.1HP Gasoline Engine, 18"" Board Width, 13' Track Length",SM22,150169,"$1,599.00","$1,999.00",400.00,20%,Yes
"22"" Portable Sawmill, KOHLER 9.5hp 277cc Gasoline Engine, 18"" Board Width, 13' Track Length",SM22,150169K4,"$1,899.00","$2,299.00",400.00,17%,Yes
"26"" Portable Sawmill, 459cc 15HP E-Start Gasoline Engine, 20"" Board Width, 13' Track Length",SM26,150166,"$1,899.00","$2,299.00",400.00,17%,Yes
"26"" Portable Sawmill (5x Blades Included), 459cc 15HP E-Start Gasoline Engine, 20"" Board Width, 20' Track Length (13' Track Length + 6.4' Track Extension Included)",SM26,150166D6,"$2,099.00","$2,599.00",500.00,19%,Yes
"26"" Portable Sawmill (5x Blades Included), KOHLER CH440 429cc E-Start Gasoline Engine, 20"" Board Width, 20' Track Length (13' Track Length + 6.4' Track Extension Included)",SM26,150166K6,"$2,399.00","$2,799.00",400.00,14%,Yes
"32"" Portable Sawmill, 459cc 15HP E-Start Gasoline Engine, 26.5"" Board Width, 13' Track Length",SM32,150167,"$2,099.00","$2,599.00",500.00,19%,Yes
"32"" Portable Sawmill (5 x Blades Included), 459cc 15HP E-Start Gasoline Engine, 26.5"" Board Width, 20' Track Length (13' Track Length + 6.4' Track Extension Included)",SM32,150167D6,"$2,399.00","$2,899.00",500.00,17%,Yes
"32"" Portable Sawmill, KOHLER CH440 429cc E-Start Gasoline Engine, 26.5"" Board Width, 13' Track Length",SM32,150167K4,"$2,399.00","$2,899.00",500.00,17%,Yes
"32"" Portable Sawmill (5 x Blades Included), KOHLER CH440 429cc E-Start Gasoline Engine, 26.5"" Board Width, 20' Track Length (13' Track Length + 6.4' Track Extension Included)",SM32,150167K6,"$2,899.00","$3,399.00",500.00,15%,Yes
"32"" Portable Sawmill (5 x Blades Included), HONDA GX390 389cc E-Start Gasoline Engine, 26.5"" Board Width, 20' Track Length (13' Track Length + 6.4' Track Extension Included)",SM32,150167H6,"$2,999.00","$3,799.00",800.00,21%,Yes
"36"" MAX Portable Sawmill, 25HP 750cc ZONSEN V-Twin Engine, 35"" Board Width, 20' Track Length, (10 x Blades Included)",SM36,150168MAX,"$3,199.00","$3,899.00",700.00,18%,Yes
"36"" MAX Portable Sawmill, 25HP 688cc HONDA GX690 V-Twin Engine, 35"" Board Width, 20' Track Length",SM36,150168HMAX,"$4,399.00","$5,199.00",800.00,15%,Yes
"SM-36MAX; SM-36HMAX Trailer Primary Sub-Frame, 20' Track Length + SM-36MAX; SM-36HMAX Trailer Combo Kit (Trailer Hitch; Torsion Axle; Tire)",,410715+410716,"$1,598.00","$1,598.00",0.00,0%,Yes
"SM-32 Trailer Primary Sub-Frame, 13' Track Length + SM-26; SM-32 Trailer Combo Kit (Trailer Hitch; Torsion Axle; Tire)",,1501674+150166A,"$1,258.00","$1,348.00",90.00,7%,Yes
"SM-32 Trailer Primary Sub-Frame, 20' Track Length + SM-26; SM-32 Trailer Combo Kit (Trailer Hitch; Torsion Axle; Tire)",,1501676+150166A,"$1,398.00","$1,598.00",200.00,13%,Yes
"SM-26 Trailer Primary Sub-Frame, 13' Track Length + SM-26; SM-32 Trailer Combo Kit (Trailer Hitch; Torsion Axle; Tire)",,1501664+150166A,"$1,148.00","$1,248.00",100.00,8%,Yes
"SM-26 Trailer Primary Sub-Frame, 20' Track Length + SM-26; SM-32 Trailer Combo Kit (Trailer Hitch; Torsion Axle; Tire)",,150166T6+150166A,"$1,398.00","$1,498.00",100.00,7%,Yes
SM-22 Trailer Combo Kit for 13' Track Length Sawmill,,410719,$959.00,$999.00,40.00,4%,Yes
"10"" Blade 12'' Max Cutting Width Gasoline Engine Powered Single Blade Edger",SBE50,150230,"$1,299.00","$1,499.00",200.00,13%,Yes
"Firewood Conveyor, 7HP 212cc Gasoline Powered Max. 124"" Lift Height, 236'' Length, 16"" Width",HC2016,150301,"$3,199.00","$3,899.00",700.00,18%,Yes
"Heavy Duty Conveyor, 9HP 270cc Gasoline Powered Max. 180"" Lift Height, 276'' Length, 24"" Width",HC2320,150302,"$4,299.00","$5,699.00","1,400.00",25%,Yes
"34 Ton Kinetic Fast Log Splitter, 7 HP Ducar Gasoline Engine, 28"" Log Diameter Capacity, 3-Sec Cycle Time",KT34,150243,"$1,679.00","$2,299.00",620.00,27%,Yes
"Honda GX390 Engine Firewood Log Splitter Processor with Conveyor, 20ton Splitting Force 24"" x 15"" Log Capacity, 18"" STIHL Chainsaw",HLS20,150244,"$5,299.00","$6,999.00","1,700.00",24%,Yes
"Firewood Log Splitter Processor with Conveyor, 20ton Splitting Force 24"" x 15"" Log Capacity, 18"" STIHL Chainsaw",HLS20,150245,"$4,599.00","$5,999.00","1,400.00",23%,Yes
"Mini Compact Excavator HONDA GX390 Engine, 65.7” Max. Digging Depth, 2280 LBS Operating Weight",MEC10,150530,"$7,199.00","$8,699.00","1,500.00",17%,Yes
"Mini Compact Excavator B&S VANGUARD 408cc 14hp Engine, 65.7” Max. Digging Depth, 2370 LBS Operating Weight",MEC10,150531,"$7,699.00","$9,699.00","2,000.00",21%,Yes
"Mini Compact Excavator Kubota D722 Engine, 65.7” Max. Digging Depth, 2700 LBS Operating Weight,",MEC12,150532,"$12,999.00","$16,999.00","4,000.00",24%,Yes
"Mini Compact Excavator Kubota D902 Engine, 89” Max. Digging Depth, 4145 LBS Operating Weight",MEC17,150533,"$20,999.00","$27,299.00","6,300.00",23%,Yes
"Mini Compact Excavator Kubota D902 Engine, 95” Max. Digging Depth, 4190 LBS Operating Weight",MEC17PRO,150534,"$22,999.00","$29,999.00","7,000.00",23%,Yes
4-Piece Mini Excavator Attachment Set for Mini Compact Excavator ( SKU: 150530; 150531; 150532 ),,150541,$659.00,$699.00,40.00,6%,Yes
"32x8"" Auger Attachment for Mini Compact Excavator ( SKU: 150530; 150531; 150532 )",,150542,$559.00,$599.00,40.00,7%,Yes
Hydraulic Hammer Breaker for Mini Compact Excavator ( SKU: 150530; 150531; 150532 ),,150543,$959.00,$999.00,40.00,4%,Yes
"32"" Tilt Bucket for Mini Compact Excavator MEC10/MEC12 ( SKU: 150530; 150531; 150532 )",,150544,$459.00,$499.00,40.00,8%,Yes
"Attachment Set for Mini Compact Excavator MEC17, MEC17PRO (SKU: 150533; 150534）",,150545,$709.00,$799.00,90.00,11%,Yes
"31.5'' Width Digging Bucket for Mini Compact Excavator MEC17, MEC17PRO (SKU: 150533; 150534）",,150546,$419.00,$469.00,50.00,11%,Yes
"39'' Width Digging Bucket for Mini Compact Excavator MEC17, MEC17PRO (SKU: 150533; 150534）",,150547,$559.00,$599.00,40.00,7%,Yes
"47'' Width Digging Bucket for Mini Compact Excavator MEC17, MEC17PRO (SKU: 150533; 150534）",,150548,$619.00,$659.00,40.00,6%,Yes
"Hydraulic Breaker Hammer for Mini Compact Excavator MEC17, MEC17PRO, 360 J Impact Energy, 700-1200 Bpm (SKU: 150533; 150534）",,150549,$959.00,"$1,069.00",110.00,10%,Yes
"Three-Rod Auger for Mini Compact Excavator MEC17, MEC17PRO (SKU: 150533; 150534）",,150550,$999.00,"$1,099.00",100.00,9%,Yes
"Tilting Bucket for Mini Compact Excavator MEC17, MEC17PRO (SKU: 150533; 150534）",,150551,$539.00,$599.00,60.00,10%,Yes
"Compactor for Mini Compact Excavator MEC17, MEC17PRO (SKU: 150533; 150534）",,150553,$999.00,"$1,099.00",100.00,9%,Yes
"1.5 HP Swing Arm Tire Changer Wheel Changer 24"" Rim Capacity",TC964,200001,"$1,199.00","$1,399.00",200.00,14%,Yes
"24"" Rim Swing Arm Tire Changer Wheel Changer with Bead Blaster",TC966,200002,"$1,399.00","$1,599.00",200.00,13%,Yes
"24"" Rim Assist Arm Tire Changer Swing Arm Wheel Changer with Bead Blaster",TC9661,200027,"$1,599.00","$1,899.00",300.00,16%,Yes
"24"" Rim Double Assist Arms Tire Changer Swing Arm Wheel Changer with Bead Blaster",TC9662,200005,"$1,699.00","$1,999.00",300.00,15%,Yes
High Performance Tilt Back Tire Changer Wheel Changer with Bead Blaster,TC968,200006,"$1,759.00","$2,199.00",440.00,20%,Yes
"10-24"" Rim Wheel Balancer Car Tire Balancing Machine 40 mm Shaft",WB855,200009,$999.00,"$1,099.00",100.00,9%,Yes
"10-24"" Rim Wheel Balancer Car Tire Balancing Machine 40 mm Shaft with Foot Pedal Brake, Laser Guided and LED Illuminator",WB857,200010,"$1,199.00","$1,599.00",400.00,25%,Yes
"72"" Heavy Duty Land Leveler Land Plane Scraper Grader with Shanks 3 Point Hitch",LP72,201004,"$1,599.00","$1,999.00",400.00,20%,Yes
"84"" Heavy Duty Land Leveler Land Plane Scraper Grader with Shanks 3 Point Hitch",LP84,201005,"$1,699.00","$2,199.00",500.00,23%,Yes
"96"" Heavy Duty Land Leveler Land Plane Scraper Grader with Shanks 3 Point Hitch",LP96,201044,"$1,999.00","$2,599.00",600.00,23%,Yes
"60"" Tractor Notched Disc Harrow Disc Plow 3 Point Hitch",DH60,201006,"$1,599.00","$1,699.00",100.00,6%,Yes
Heavy Duty 3 Shank Subsoiler Plow Ground Ripper 3 Point Hitch Cat1&2,DH72,201007,"$1,699.00","$1,999.00",300.00,15%,Yes
"60"" Box Blade Scraper with 5 Shanks 3 Point Hitch Tractor Attachment",BB60,201019,"$1,099.00","$1,249.00",150.00,12%,Yes
"72"" Box Blade Scraper with 6 Shanks 3 Point Hitch Tractor Attachment",BB72,201020,"$1,119.00","$1,399.00",280.00,20%,Yes
"84"" Box Blade Scraper with 7 Shanks 3 Point Hitch Tractor Attachment",BB84,201021,"$1,299.00","$1,549.00",250.00,16%,Yes
"72"" Landscape Rake with 36 Tines 3 Point Hitch Tractor Attachment",LR72,201023,$799.00,$849.00,50.00,6%,Yes
"84"" Landscape Rake with 42 Tines 3 Point Hitch Tractor Attachment",LR84,201024,$839.00,$949.00,110.00,12%,Yes
"72"" Landscape Rake with Bolt-On Wheels & 36 Tines 3 Point Hitch Tractor Attachment",LR72W,201026,$899.00,$999.00,100.00,10%,Yes
"84"" Landscape Rake with Bolt-On Wheels & 42 Tines 3 Point Hitch Tractor Attachment",LR84W,201027,$999.00,"$1,099.00",100.00,9%,Yes
3 Point One Row Potato Harvester Potato Digger Picker PTO Driven,PH19,201001,"$1,699.00","$2,199.00",500.00,23%,Yes
"3300lbs Lithium-ion Electric Pallet Jack, 45""x27"" Fork, 24V 40Ah Removable Battery, Walkie Type Truck",LPT33,202001,"$1,599.00","$1,999.00",400.00,20%,Yes
"4400lbs Lithium-ion Electric Pallet Jack, 45""x27"" Fork, 48V 30Ah Removable Battery, Walkie Type Truck",LPT44,202002,"$1,799.00","$2,399.00",600.00,25%,Yes
"3300lbs Lithium-ion Electric Pallet Jack, 45""x27"" Fork, 24V 40Ah Battery, Walkie Type Truck",EPT33,202003,"$1,699.00","$2,199.00",500.00,23%,Yes
"4400lbs Lithium-ion Electric Pallet Jack, 45""x27"" Fork, 48V 50Ah Battery, Walkie Type Truck",EPT44,202011,"$1,999.00","$2,599.00",600.00,23%,Yes
"3300lbs Semi-Electric Straddle Stacker, 118"" Lift, Adjustable Legs & Forks",S33-118S,202006,"$2,499.00","$3,299.00",800.00,24%,Yes
"3300lbs Semi-Electric Straddle Stacker, 138"" Lift, Adjustable Legs & Forks",S33-138S,202012,"$2,599.00","$3,499.00",900.00,26%,Yes
"2640lbs Lithium-ion Electric Straddle Stacker, 98"" Lift, Adjustable Legs & Forks",F26-98S,202013,"$3,599.00","$4,899.00","1,300.00",27%,Yes
"2640lbs Lithium-ion Electric Straddle Stacker, 118"" Lift, Adjustable Legs & Forks",F26-118S,202007,"$3,899.00","$5,199.00","1,300.00",25%,Yes
"2640lbs Lithium-ion Electric Straddle Stacker, 138"" Lift, Adjustable Legs & Forks",F26-138S,202008,"$3,999.00","$5,399.00","1,400.00",26%,Yes
"3300lbs Lithium-ion Electric Straddle Stacker, 98"" Lift, Adjustable Legs & Forks,",F33-98S,202009,"$3,899.00","$5,199.00","1,300.00",25%,Yes
"3300lbs Lithium-ion Electric Straddle Stacker, 118"" Lift, Adjustable Legs & Forks",F33-118S,202010,"$3,999.00","$5,399.00","1,400.00",26%,Yes
"3300lbs Lithium-ion Electric Straddle Stacker, 138"" Lift, Adjustable Legs & Forks",F33-138S,202014,"$4,099.00","$5,599.00","1,500.00",27%,Yes
1100lbs Capacity E-Start 10HP 302cc Gas Engine Tracked Dumper Hydraulic Tipping and Lifting with Front Shovel,D50HTFL,100900,"$3,199.00","$3,999.00",800.00,20%,Yes
"27"" Walk Behind Flail Mower, 10HP 302cc, Self-Propelled, Wheeled, Electric Start",SFM27W,201028,"$2,399.00","$2,999.00",600.00,20%,Yes
"27"" Walk Behind Flail Mower, 10HP 302cc, Self-Propelled, Tracked, Electric Start",SFM27T,201029,"$2,699.00","$3,399.00",700.00,21%,Yes
"7' Tractor Backhoe Attachment with Mechanical Thumb, 12"" Bucket, ISO/SAE Switchable Controls, Self-Contained Hydraulic System, 3 Point Hitch Cat.1, 15–50 HP",BH660,150162,"$3,699.00","$4,499.00",800.00,18%,Yes
"8' Tractor Backhoe Attachment with Hydraulic Thumb, 15"" Bucket, ISO/SAE Switchable Controls, Self-Contained Hydraulic System, 3 Point Hitch Cat.1 & 2, 20–100 HP",BH760,150163,"$3,999.00","$5,099.00","1,100.00",22%,Yes
"9' Tractor Backhoe Attachment with Hydraulic Thumb, 15"" Bucket, ISO/SAE Switchable Controls, Self-Contained Hydraulic System, 3 Point Hitch Cat.1 & 2, 25–100 HP",BH860,150164,"$4,399.00","$5,499.00","1,100.00",20%,Yes
"7' Tractor Backhoe Attachment with Mechanical Thumb, 12"" Bucket, ISO/SAE Switchable Controls, Self-Contained Hydraulic System, 3 Point Hitch Cat.1, 15-50 HP, BH660M",BH660M,201162,"$3,899.00","$4,799.00",900.00,19%,Yes
"8' Tractor Backhoe Attachment with Mechanical Thumb, 15"" Bucket, ISO/SAE Switchable Controls, Self-Contained Hydraulic System, 3 Point Hitch Cat.1 & 2, 20-100 HP, BH760M",BH760M,201163,"$3,899.00","$4,799.00",900.00,19%,Yes
"9' Tractor Backhoe Attachment with Mechanical Thumb, 15"" Bucket, ISO/SAE Switchable Controls, Self-Contained Hydraulic System, 3 Point Hitch Cat.1 & 2, 25-100 HP, BH860M",BH860M,201164,"$4,099.00","$5,099.00","1,000.00",20%,Yes
"48"" 3 Point PTO Snow Blower 24"" Impeller Diameter 360° Snow Chute (PTO Shaft Included with Slip Clutch), 20-45 HP",TSB48,201042,"$2,099.00","$2,399.00",300.00,13%,Yes
"60"" 3 Point PTO Snow Blower 24"" Impeller Diameter 360° Snow Chute (PTO Shaft Included with Slip Clutch), 25-65 HP",TSB60,201015,"$2,199.00","$2,399.00",200.00,8%,Yes
"72"" 3 Point PTO Snow Blower 24"" Impeller Diameter 360° Snow Chute (PTO Shaft Included with Slip Clutch), 30-75 HP",TSB72,201016,"$2,299.00","$2,599.00",300.00,12%,Yes
"84"" 3 Point PTO Snow Blower 24"" Impeller Diameter 360° Snow Chute (PTO Shaft Included with Slip Clutch), 35-95 HP,",TSB84,201043,"$2,599.00","$2,899.00",300.00,10%,Yes
"48"" 3 Point PTO Snow Blower 24"" Impeller Diameter 360° Snow Chute (PTO Shaft Included with Slip Clutch), 20-45 HP",TSB48T,201042T,"$2,099.00","$2,399.00",300.00,13%,Yes
"60"" 3 Point PTO Snow Blower 24"" Impeller Diameter 360° Snow Chute (PTO Shaft Included with Slip Clutch), 25-65 HP",TSB60T,201015T,"$2,199.00","$2,399.00",200.00,8%,Yes
"72"" 3 Point PTO Snow Blower 24"" Impeller Diameter 360° Snow Chute (PTO Shaft Included with Slip Clutch), 30-75 HP",TSB72T,201016T,"$2,299.00","$2,599.00",300.00,12%,Yes
"84"" 3 Point PTO Snow Blower 24"" Impeller Diameter 360° Snow Chute (PTO Shaft Included with Slip Clutch), 35-95 HP,",TSB84T,201043T,"$2,599.00","$2,899.00",300.00,10%,Yes
"80"" Crimper Roller 3 Point Hitch Tractor Attachment Agriculture Equipment, CR82",CR82,201035,"$2,799.00","$3,499.00",700.00,20%,Yes
"96"" Box Blade Scraper with 8 Shanks 3 Point Hitch Tractor Attachment, BB96",BB96,201045,"$1,599.00","$1,999.00",400.00,20%,Yes
"42"" Light Duty Rotary Tiller",LRT42,201103,"$1,399.00","$1,599.00",200.00,13%,Yes
"45"" Light Duty Rotary Tiller",LRT45,201104,"$1,479.00","$1,679.00",200.00,12%,Yes
"48"" Light Duty Rotary Tiller",LRT48,201105,"$1,549.00","$1,749.00",200.00,11%,Yes
"53"" Light Duty Rotary Tiller",LRT53,201106,"$1,619.00","$1,819.00",200.00,11%,Yes
"48"" Medium Duty Rotary Tiller",MRT48,201110,"$2,099.00","$2,399.00",300.00,13%,Yes
"60"" Medium Duty Rotary Tiller",MRT60,201112,"$2,199.00","$2,599.00",400.00,15%,Yes
"72"" Medium Duty Rotary Tiller",MRT72,201113,"$2,299.00","$2,799.00",500.00,18%,Yes
20-60% RH Electronic Dry Cabinet 320L ESD Desiccator Cabinet Low Humidity Storage,EDC320A,203001,"$1,399.00","$1,799.00",400.00,22%,Yes
20-60% RH Electronic Dry Cabinet 540L ESD Desiccator Cabinet Low Humidity Storage,EDC540A,203002,"$1,799.00","$2,299.00",500.00,22%,Yes
20-60% RH Electronic Dry Cabinet 880L ESD Desiccator Cabinet Low Humidity Storage,EDC880A,203003,"$2,199.00","$2,799.00",600.00,21%,Yes
20-60% RH Electronic Dry Cabinet 1430L ESD Desiccator Cabinet Low Humidity Storage,EDC1430A-6,203004,"$2,599.00","$3,399.00",800.00,24%,Yes
1-10% RH Electronic Dry Cabinet 320L ESD Desiccator Cabinet Ultra-Low Humidity Storage,EDC320C,203005,"$1,599.00","$2,099.00",500.00,24%,Yes
1-10% RH Electronic Dry Cabinet 540L ESD Desiccator Cabinet Ultra-Low Humidity Storage,EDC540C,203006,"$1,899.00","$2,599.00",700.00,27%,Yes
1-10% RH Electronic Dry Cabinet 880L ESD Desiccator Cabinet Ultra-Low Humidity Storage,EDC880C,203007,"$2,399.00","$3,099.00",700.00,23%,Yes
1-10% RH Electronic Dry Cabinet 1430L ESD Desiccator Cabinet Ultra-Low Humidity Storage,EDC1430C-6,203008,"$2,899.00","$3,699.00",800.00,22%,Yes
1-60% RH Nitrogen Dry Cabinet 1430L ESD Desiccator Cabinet Low Humidity Storage,NC1430B-6,203009,"$2,999.00","$3,899.00",900.00,23%,Yes
20-60% RH Electronic Dry Cabinet 730L ESD Desiccator Cabinet Low Humidity Storage,EDC730A,203010,"$1,999.00","$2,599.00",600.00,23%,Yes
1-10% RH Electronic Dry Cabinet 730L ESD Desiccator Cabinet Ultra-Low Humidity Storage,EDC730C,203011,"$2,199.00","$2,899.00",700.00,24%,Yes
20-60% RH Electronic Dry Cabinet 210L ESD Desiccator Cabinet Low Humidity Storage,EDC210A,203012,$999.00,"$1,299.00",300.00,23%,Yes
1-10% RH Electronic Dry Cabinet 210L ESD Desiccator Cabinet Ultra-Low Humidity Storage,EDC210C,203013,"$1,199.00","$1,599.00",400.00,25%,Yes
4000 PSI 4 GPM HONDA E-Start Engine Hot Water Pressure Washer with Hose Reel,HPW40H,204002,"$3,199.00","$4,199.00","1,000.00",24%,Yes
4000 PSI 4 GPM HONDA E-Start Engine Hot Water Pressure Washer Skid Mounted with 175 Gal Tank,HPW40HT,204003,"$3,899.00","$5,199.00","1,300.00",25%,Yes
"4000 PSI 4 GPM HONDA E-Start Engine Hot Water Pressure Washer Skid Mounted with 245 Gal Tank,",HPW40HBT,204004,"$4,199.00","$5,699.00","1,500.00",26%,Yes
4000 PSI 4 GPM 15 HP ZONSEN E-Start Gas Engine Hot Water Pressure Washer with Hose Reel,HPW40D,204006,"$2,599.00","$3,399.00",800.00,24%,Yes
4000 PSI 4 GPM 15 HP ZONSEN E-Start Gas Engine Hot Water Pressure Washer Skid Mounted with 175 Gal Tank,HPW40DT,204007,"$3,299.00","$4,399.00","1,100.00",25%,Yes
4000 PSI 4 GPM 15 HP ZONSEN E-Start Gas Engine Hot Water Pressure Washer Skid Mounted with 245 Gal Tank,HPW40DBT,204008,"$3,599.00","$4,899.00","1,300.00",27%,Yes
4000 PSI 4 GPM KOHLER E-Start Engine Hot Water Pressure Washer with Hose Reel,HPW40K,204010,"$2,899.00","$3,799.00",900.00,24%,Yes
4000 PSI 4 GPM KOHLER E-Start Engine Hot Water Pressure Washer Skid Mounted with 175 Gal Tank,HPW40KT,204011,"$3,599.00","$4,799.00","1,200.00",25%,Yes
4000 PSI 4 GPM KOHLER E-Start Engine Hot Water Pressure Washer Skid Mounted with 245 Gal Tank,HPW40KBT,204012,"$3,899.00","$5,299.00","1,400.00",26%,Yes
Industrial Wet/Dry Vacuum Cleaner with HEPA Filter Three Motor 3.3 HP 285 CFM 16 Gallon - 110V 1 Phase,IVA3M,202021,"$2,099.00","$2,499.00",400.00,16%,Yes
Industrial Wet/Dry Vacuum Cleaner with HEPA Filter Continuous Duty 8.6 HP 364 CFM 26.4 Gallon - 230V 3Phase,IVB230,202022,"$3,999.00","$4,999.00","1,000.00",20%,Yes
Industrial Wet/Dry Vacuum Cleaner with HEPA Filter Continuous Duty 8.6 HP 364 CFM 26.4 Gallon - 480V 3Phase,IVB480,202023,"$3,999.00","$4,999.00","1,000.00",20%,Yes
"72"" Arena Spin Harrow Groomer with 35 Tines Cat.1 3 Point Hitch Grooming Attachment, AHG72",AHG72,201033,$999.00,"$1,199.00",200.00,17%,Yes
"72"" Arena Spin Harrow Groomer with 35 Tines and Rake Cat.1 3 Point Hitch Grooming Attachment, AHG72R",AHG72R,201034,"$1,299.00","$1,499.00",200.00,13%,Yes
"72"" Heavy Duty 6-Way Rear Blade 3 Point Hitch Tractor Attachment, RB72SE",RB72SE,201040,"$1,349.00","$1,799.00",450.00,25%,Yes
"84"" Heavy Duty 6-Way Rear Blade 3 Point Hitch Tractor Attachment, RB84SE",RB84SE,201041,"$1,449.00","$1,899.00",450.00,24%,Yes
"60"" Drum Spike Aerator Cat. 1 3-Point Hitch Tractor Attachment, DSA60",DSA60,201046,$699.00,$899.00,200.00,22%,Yes
"72"" Drum Spike Aerator Cat. 1 3-Point Hitch Tractor Attachment, DSA72",DSA72,201047,$899.00,"$1,099.00",200.00,18%,Yes
"60"" Heavy Duty Soil Pulverizer, Single Spiked Roller, 21 Shanks, Category 1 and 2, 3 Point Hitch Tractor Attachment, TSP60",TSP60,201125,"$1,499.00","$1,899.00",400.00,21%,Yes
"72"" Heavy Duty Soil Pulverizer, Single Spiked Roller, 25 Shanks, Category 1 and 2, 3 Point Hitch Tractor Attachment, TSP72",TSP72,201126,"$1,699.00","$2,199.00",500.00,23%,Yes
"84"" Heavy Duty Soil Pulverizer, Single Spiked Roller, 29 Shanks, Category 1 and 2, 3 Point Hitch Tractor Attachment, TSP84",TSP84,201127,"$1,899.00","$2,499.00",600.00,24%,Yes
"60"" Heavy Duty Soil Pulverizer, Double Spiked Roller, 21 Shanks, Category 1 and 2, 3 Point Hitch Tractor Attachment, TSP60D",TSP60D,201128,"$1,799.00","$2,399.00",600.00,25%,Yes
"72"" Heavy Duty Soil Pulverizer, Double Spiked Roller, 25 Shanks, Category 1 and 2, 3 Point Hitch Tractor Attachment, TSP72D",TSP72D,201129,"$1,999.00","$2,699.00",700.00,26%,Yes
"84"" Heavy Duty Soil Pulverizer, Double Spiked Roller, 29 Shanks, Category 1 and 2, 3 Point Hitch Tractor Attachment, TSP84D",TSP84D,201130,"$2,199.00","$2,999.00",800.00,27%,Yes
"60"" Cultipacker with 26 Ductile Iron Wheels, Scraper Bar Included, Category 1 and 2, 3 Point Hitch Tractor Attachment, TCP1060",TCP1060,201131,"$1,399.00","$1,799.00",400.00,22%,Yes
"72"" Cultipacker with 32 Ductile Iron Wheels, Scraper Bar Included, Category 1 and 2, 3 Point Hitch Tractor Attachment, TCP1072",TCP1072,201132,"$1,599.00","$2,099.00",500.00,24%,Yes
"84"" Cultipacker with 37 Ductile Iron Wheels, Scraper Bar Included, Category 1 and 2, 3 Point Hitch Tractor Attachment, TCP1084",TCP1084,201133,"$1,699.00","$2,499.00",800.00,32%,Yes
"2640lbs Electric Straddle Stacker, 98"" Lift, Adjustable Legs & Forks, F26-98SLA",F26-98SLA,202013LA,"$3,299.00","$4,399.00","1,100.00",25%,Yes
"2640lbs Electric Straddle Stacker, 118"" Lift, Adjustable Legs & Forks, F26-118SLA",F26-118SLA,202007LA,"$3,499.00","$4,699.00","1,200.00",26%,Yes
"2640lbs Electric Straddle Stacker, 138"" Lift, Adjustable Legs & Forks, F26-138SLA",F26-138SLA,202008LA,"$3,699.00","$4,899.00","1,200.00",24%,Yes
"3300lbs Electric Straddle Stacker, 98"" Lift, Adjustable Legs & Forks, F33-98SLA",F33-98SLA,202009LA,"$3,499.00","$4,699.00","1,200.00",26%,Yes
"3300lbs Electric Straddle Stacker, 118"" Lift, Adjustable Legs & Forks, F33-118SLA",F33-118SLA,202010LA,"$3,699.00","$4,899.00","1,200.00",24%,Yes
"3300lbs Electric Straddle Stacker, 138"" Lift, Adjustable Legs & Forks, F33-138SLA",F33-138SLA,202014LA,"$3,799.00","$5,099.00","1,300.00",25%,Yes
"20-60% RH Electronic Dry Cabinet 210L ESD Desiccator Cabinet Low Humidity Storage, White, EDC210AW",EDC210AW,203012W,$999.00,"$1,299.00",300.00,23%,Yes
"20-60% RH Electronic Dry Cabinet 320L ESD Desiccator Cabinet Low Humidity Storage, White, EDC320AW",EDC320AW,203001W,"$1,399.00","$1,799.00",400.00,22%,Yes
"20-60% RH Electronic Dry Cabinet 540L ESD Desiccator Cabinet Low Humidity Storage, White, EDC540AW",EDC540AW,203002W,"$1,799.00","$2,299.00",500.00,22%,Yes
"20-60% RH Electronic Dry Cabinet 730L ESD Desiccator Cabinet Low Humidity Storage, White, EDC730AW",EDC730AW,203010W,"$1,999.00","$2,599.00",600.00,23%,Yes
"20-60% RH Electronic Dry Cabinet 880L ESD Desiccator Cabinet Low Humidity Storage, White, EDC880AW",EDC880AW,203003W,"$2,199.00","$2,799.00",600.00,21%,Yes
"20-60% RH Electronic Dry Cabinet 1430L ESD Desiccator Cabinet Low Humidity Storage, White, EDC1430AW-6",EDC1430AW-6,203004W,"$2,599.00","$3,399.00",800.00,24%,Yes
"1-10% RH Electronic Dry Cabinet 210L ESD Desiccator Cabinet Ultra-Low Humidity Storage, White, EDC210CW",EDC210CW,203013W,"$1,199.00","$1,599.00",400.00,25%,Yes
"1-10% RH Electronic Dry Cabinet 320L ESD Desiccator Cabinet Ultra-Low Humidity Storage, White, EDC320CW",EDC320CW,203005W,"$1,599.00","$2,099.00",500.00,24%,Yes
"1-10% RH Electronic Dry Cabinet 540L ESD Desiccator Cabinet Ultra-Low Humidity Storage, White, EDC540CW",EDC540CW,203006W,"$1,899.00","$2,599.00",700.00,27%,Yes
"1-10% RH Electronic Dry Cabinet 730L ESD Desiccator Cabinet Ultra-Low Humidity Storage, White, EDC730CW",EDC730CW,203011W,"$2,199.00","$2,899.00",700.00,24%,Yes
"1-10% RH Electronic Dry Cabinet 880L ESD Desiccator Cabinet Ultra-Low Humidity Storage, White, EDC880CW",EDC880CW,203007W,"$2,399.00","$3,099.00",700.00,23%,Yes
"1-10% RH Electronic Dry Cabinet 1430L ESD Desiccator Cabinet Ultra-Low Humidity Storage, White, EDC1430CW-6",EDC1430CW-6,203008W,"$2,899.00","$3,699.00",800.00,22%,Yes
"1-60% RH Nitrogen Dry Cabinet 1430L ESD Desiccator Cabinet Low Humidity Storage, White, NC1430BW-6",NC1430BW-6,203009W,"$2,999.00","$3,899.00",900.00,23%,Yes
"1-60% RH Nitrogen Dry Cabinet 1430L Desiccator Cabinet Low Humidity Storage, 304 Stainless Steel, NC1430BSS-6",NC1430BSS-6,203009SS,"$3,899.00","$4,999.00","1,100.00",22%,Yes
"20 Ton H-Frame Air/Hydraulic Shop Press with Press Pin Kit, Fully Welded Steel Frame, Safety Guard, Foot Pedal Control, HSP20",HSP20,200060,$999.00,"$1,299.00",300.00,23%,Yes
"30 Ton H-Frame Air/Hydraulic Shop Press with Hand Winch & Press Pin Kit, Fully Welded Steel Frame, Safety Guard, Foot Pedal Control, HSP30",HSP30,200061,"$1,199.00","$1,499.00",300.00,20%,Yes
"50 Ton H-Frame Air/Hydraulic Shop Press with Hand Winch & Press Pin Kit, Fully Welded Steel Frame, Safety Guard, Foot Pedal Control, HSP50",HSP50,200062,"$1,699.00","$1,999.00",300.00,15%,Yes
"75 Ton H-Frame Air/Hydraulic Shop Press with Hand Winch, Fully Welded Steel Frame, Safety Guard, Foot Pedal Control, HSP75",HSP75,200063,"$2,799.00","$3,799.00","1,000.00",26%,Yes
"75 Ton H-Frame Electric Hydraulic Shop Press with Hand Winch, 110V Motor, Fully Welded Steel Frame, Safety Guard, HSP75E",HSP75E,200064,"$3,599.00","$4,799.00","1,200.00",25%,Yes
"100 Ton H-Frame Air/Hydraulic Shop Press with Hand Winch, Fully Welded Steel Frame, Safety Guard, Foot Pedal Control, HSP100",HSP100,200065,"$3,999.00","$4,899.00",900.00,18%,Yes
"100 Ton H-Frame Electric Hydraulic Shop Press with Hand Winch, 110V Motor, Fully Welded Steel Frame, Safety Guard, HSP100E",HSP100E,200066,"$4,699.00","$5,899.00","1,200.00",20%,Yes
"150 Ton H-Frame Electric Hydraulic Shop Press with Double-Acting Cylinder & Chain-Driven Table Lift, 110V Motor, Fully Welded Steel Frame, Safety Guard, HSP150E",HSP150E,200067,"$8,699.00","$10,999.00","2,300.00",21%,Yes
"80 in Heavy Duty Rotary Tiller, 3 Point Hitch Cat.2, Gear Drive, PTO Shaft Included with Slip Clutch, 40-80 HP, HRT80",HRT80,201115,"$3,399.00","$4,299.00",900.00,21%,Yes
"90 in Heavy Duty Rotary Tiller, 3 Point Hitch Cat.2, Gear Drive, PTO Shaft Included with Slip Clutch, 50-90 HP, HRT90",HRT90,201117,"$3,999.00","$4,999.00","1,000.00",20%,Yes
"48 in Stone Burier Reverse Rotary Tiller, 3 Point Hitch Cat.1, Chain Drive, PTO Shaft Included with Slip Clutch, 20-45 HP, RSB48",RSB48,201119,"$2,199.00","$2,799.00",600.00,21%,Yes
"65 in Stone Burier Reverse Rotary Tiller, 3 Point Hitch Cat.1, Chain Drive, PTO Shaft Included with Slip Clutch, 30-55 HP, RSB65",RSB65,201121,"$2,599.00","$3,199.00",600.00,19%,Yes
"60 in Orchard Finish Mower, 3 Point Hitch Cat.1, Hydraulic Offset, PTO Shaft Included with Shear Bolt, 20-45 HP, FMS60",FMS60,201123,"$2,399.00","$2,999.00",600.00,20%,Yes
"72 in Orchard Finish Mower, 3 Point Hitch Cat.1, Hydraulic Offset, PTO Shaft Included with Shear Bolt, 25-50 HP, FMS72",FMS72,201124,"$2,699.00","$3,399.00",700.00,21%,Yes
"Honda GX100 Tamping Rammer with Wheel Kit, 2250 lb Impact Force Jumping Jack Tamper Compactor for Soil, Gravel, Backfill and Foundation, TR60H",TR60H,205001H,"$1,469.00","$1,899.00",430.00,23%,Yes
"6.5 HP Tamping Rammer with Wheel Kit, 2700 lb Impact Force Jumping Jack Tamper Compactor for Soil, Gravel, Backfill and Foundation, TR90L",TR90L,205002L,"$1,169.00","$1,299.00",130.00,10%,Yes
"Honda GXR120 Tamping Rammer with Wheel Kit, 3150 lb Impact Force Jumping Jack Tamper Compactor for Soil, Gravel, Backfill and Foundation, TR75H",TR75H,205003H,"$1,869.00","$2,499.00",630.00,25%,Yes
"Honda GX160 Vibratory Plate Compactor with Wheel Kit, 3150 lb Centrifugal Force for Soil, Gravel, Asphalt and Paver Base, PC80H",PC80H,205004H,"$1,169.00","$1,499.00",330.00,22%,Yes
"5.8 HP Vibratory Plate Compactor with Wheel Kit, 3150 lb Centrifugal Force for Soil, Gravel, Asphalt and Paver Base, PC80Z",PC80Z,205004Z,$859.00,$899.00,40.00,4%,Yes
"Honda GX160 Vibratory Plate Compactor with Wheel Kit, 3600 lb Centrifugal Force for Soil, Gravel, Asphalt and Paver Base",PC90H,205005H,"$1,169.00","$1,499.00",330.00,22%,Yes
"Honda GX160 Vibratory Plate Compactor with Wheel Kit, 3600 lb Centrifugal Force for Soil, Gravel, Asphalt and Paver Base",PC90Z,205005Z,$799.00,$899.00,100.00,11%,Yes
"Honda GX160 Vibratory Plate Compactor with Wheel Kit, 3600 lb Centrifugal Force for Soil, Gravel, Asphalt and Paver Base",PC150H,205006H,"$1,699.00","$2,299.00",600.00,26%,Yes
"Honda GX160 Vibratory Plate Compactor with Wheel Kit, 3600 lb Centrifugal Force for Soil, Gravel, Asphalt and Paver Base",PC150Z,205006Z,"$1,499.00","$1,799.00",300.00,17%,Yes
"Honda GX160 Vibratory Plate Compactor with Wheel Kit, 3600 lb Centrifugal Force for Soil, Gravel, Asphalt and Paver Base",PC90H,205005H,"$1,169.00","$1,499.00",330.00,22%,Yes
"Honda GX160 Vibratory Plate Compactor with Wheel Kit, 3600 lb Centrifugal Force for Soil, Gravel, Asphalt and Paver Base",PC90Z,205005Z,$799.00,$899.00,100.00,11%,Yes
"Honda GX160 Vibratory Plate Compactor with Wheel Kit, 3600 lb Centrifugal Force for Soil, Gravel, Asphalt and Paver Base",PC150H,205006H,"$1,699.00","$2,299.00",600.00,26%,Yes
"Honda GX160 Vibratory Plate Compactor with Wheel Kit, 3600 lb Centrifugal Force for Soil, Gravel, Asphalt and Paver Base",PC150Z,205006Z,"$1,499.00","$1,799.00",300.00,17%,Yes
"Honda GX270 Reversible Plate Compactor with Wheel Kit and Extension Plates, 6750 lb Centrifugal Force, PC180H",PC180H,205007H,"$2,199.00","$2,899.00",700.00,24%,Yes
"9 HP Reversible Plate Compactor with Wheel Kit and Extension Plates, 6750 lb Centrifugal Force, PC180Z",PC180Z,205007Z,"$1,799.00","$2,099.00",300.00,14%,Yes
"Honda GX160 Walk-Behind Concrete Floor Saw, 14 in Blade, 4 in Cutting Depth, FS350H",FS350H,205008H,"$1,199.00","$1,499.00",300.00,20%,Yes
"5.8 HP Walk-Behind Concrete Floor Saw, 14 in Blade, 4 in Cutting Depth, FS350Z",FS350Z,205008Z,$949.00,$999.00,50.00,5%,Yes
"Honda GX390 Walk-Behind Concrete Floor Saw, 20 in Blade, 7 in Cutting Depth, FS480H",FS480H,205009H,"$1,799.00","$2,399.00",600.00,25%,Yes
"15 HP Walk-Behind Concrete Floor Saw, 20 in Blade, 7 in Cutting Depth, FS480Z",FS480Z,205009Z,"$1,499.00","$1,599.00",100.00,6%,Yes
"Honda GX160 23 in Walk-Behind Concrete Power Trowel with Blades and Float Pan, PT22H",PT22H,205010H,"$1,099.00","$1,399.00",300.00,21%,Yes
"5.8 HP 23 in Walk-Behind Concrete Power Trowel with Blades and Float Pan, PT22Z",PT22Z,205010Z,$949.00,$999.00,50.00,5%,Yes
"Honda GX160 36 in Walk-Behind Concrete Power Trowel with Blades and Float Pan, PT36H",PT36H,205011H,"$1,299.00","$1,699.00",400.00,24%,Yes
"5.8 HP 36 in Walk-Behind Concrete Power Trowel with Blades and Float Pan, PT36Z",PT36Z,205011Z,"$1,159.00","$1,199.00",40.00,3%,Yes
"Honda GX270 44 in Walk-Behind Concrete Power Trowel with Blades and Float Pan, PT46H",PT46H,205012H,"$1,799.00","$2,399.00",600.00,25%,Yes
"15 HP 44 in Walk-Behind Concrete Power Trowel with Blades and Float Pan, PT46Z",PT46Z,205012Z,"$1,599.00","$1,699.00",100.00,6%,Yes
"10HP Rotary Screw Air Compressor – 32 CFM, 116 PSI, 230V 3-Phase | Industrial-Grade",M10AC230,300001,"$2,099.00","$2,999.00",900.00,30%,Yes
"15HP Rotary Screw Air Compressor – 45 CFM, 116 PSI, 230V 3-Phase | Industrial-Grade",M15AC230,300002,"$2,799.00","$3,999.00","1,200.00",30%,Yes
"20HP Rotary Screw Air Compressor – 78 CFM, 116 PSI, 230V 3-Phase | Industrial-Grade",M20AC230,300003,"$3,099.00","$4,499.00","1,400.00",31%,Yes
"20HP Rotary Screw Air Compressor – 78 CFM, 116 PSI, 460V 3-Phase | Industrial-Grade",M20AC460,300004,"$3,099.00","$4,499.00","1,400.00",31%,Yes
"30HP Rotary Screw Air Compressor – 106 CFM, 116 PSI, 230V 3-Phase | Industrial-Grade",M30AC230,300005,"$3,999.00","$5,599.00","1,600.00",29%,Yes
"30HP Rotary Screw Air Compressor – 106 CFM, 116 PSI, 460V 3-Phase | Industrial-Grade",M30AC460,300006,"$3,999.00","$5,599.00","1,600.00",29%,Yes
"50HP Rotary Screw Air Compressor – 220 CFM, 116 PSI, 230V 3-Phase | Industrial-Grade",M50AC230,300007,"$5,299.00","$7,299.00","2,000.00",27%,Yes
"50HP Rotary Screw Air Compressor – 220 CFM, 116 PSI, 460V 3-Phase | Industrial-Grade",M50AC460,300008,"$5,299.00","$7,299.00","2,000.00",27%,Yes
"10HP Combined Rotary Screw Air Compressor with Dryer & 66-Gal ASME Tank | 32 CFM, 116 PSI, 230V 3-Phase – Industrial Grade",ML10,300009,"$4,799.00","$6,599.00","1,800.00",27%,Yes
"15HP Combined Rotary Screw Air Compressor with Dryer & 105-Gal ASME Tank | 45 CFM, 116 PSI, 230V 3-Phase – Industrial Grade",ML15,300010,"$5,759.00","$7,799.00","2,040.00",26%,Yes
"20HP Combined Rotary Screw Air Compressor with Dryer & 105-Gal ASME Tank | 78 CFM, 116 PSI, 230V 3-Phase – Industrial Grade",ML20,300011,"$6,399.00","$8,299.00","1,900.00",23%,Yes
50CFM Refrigerated Air Dryer 1Phase 115V For Air Compressor,M050AD115V,300012,$999.00,"$1,249.00",250.00,20%,Yes
100CFM Refrigerated Air Dryer 1Phase 115V For Air Compressor,M100AD115V,300013,"$1,199.00","$1,599.00",400.00,25%,Yes
150CFM Refrigerated Air Dryer 1Phase 115V For Air Compressor,M150AD115V,300014,"$1,499.00","$2,149.00",650.00,30%,Yes
196CFM Refrigerated Air Dryer 1Phase 115V For Air Compressor,M200AD115V,300015,"$1,799.00","$2,349.00",550.00,23%,Yes
"20HP Combined Rotary Screw Air Compressor with Dryer & 105-Gal ASME Tank | 78 CFM, 116 PSI, 460V 3-Phase – Industrial Grade",ML2046,300021,"$6,399.00","$8,299.00","1,900.00",23%,Yes
"Heavy Duty Modular Drawer Cabinet – 9 Drawer, 59"" H x 28.5"" W x 28.5"" D Tool Storage Organizer, Steel Construction",MD59A9,301001,"$1,699.00","$1,999.00",300.00,15%,Yes
"Heavy Duty Modular Drawer Cabinet – 10 Drawer, 59"" H x 28.5"" W x 28.5"" D Tool Storage Organizer, Steel Construction",MD59A10,301002,"$1,799.00","$2,049.00",250.00,12%,Yes
"Heavy Duty Modular Drawer Cabinet – 11 Drawer, 59"" H x 28.5"" W x 28.5"" D Tool Storage Organizer, Steel Construction",MD59A11,301003,"$1,799.00","$2,099.00",300.00,14%,Yes
"Heavy Duty Modular Drawer Cabinet – 9 Drawer, 59"" H x 28.5"" W x 22.5"" D Tool Storage Organizer, Steel Construction",MD59B9,301004,"$1,399.00","$1,699.00",300.00,18%,Yes
"Heavy Duty Modular Drawer Cabinet – 10 Drawer, 59"" H x 28.5"" W x 22.5"" D Tool Storage Organizer, Steel Construction",MD59B10,301005,"$1,499.00","$1,799.00",300.00,17%,Yes
"Heavy Duty Modular Drawer Cabinet – 11 Drawer 59"" H x 28.5"" W x 22.5"" D Tool Storage Organizer, Steel Construction",MD59B11,301006,"$1,499.00","$1,849.00",350.00,19%,Yes
"2200lb Capacity Stationary Electric Hydraulic Lift Table , 51.2” x 32.3”Platform, 39.4”Lift Height ,UL Certified Motor,",ELT22,310001,"$1,799.00","$2,299.00",500.00,22%,Yes
"4400lbs Capacity Stationary Powered Hydraulic Lift Table, 51.2” x 33.5” Platform, 41.3” Lift Height, UL Certified Moto,",ELT44,310002,"$2,099.00","$2,599.00",500.00,19%,Yes
"8800lbs Capacity Stationary Hydraulic Lift Table, 66.9” x 47.2” Platform, 43.3” Height, UL Certified Motor",ELT88,310003,"$2,599.00","$3,399.00",800.00,24%,Yes
"2200 lbs Capacity Stationary Electric Hydraulic Double Scissor Lift Table – 51.2"" x 32.3"" Platform, 70.1"" Lift Height, UL Certified Motor",ELTD22,310004,"$2,099.00","$2,599.00",500.00,19%,Yes
"2200 lbs Capacity Stationary Powered Hydraulic Double Scissor Lift Table,86.6"" x 51.2"" Platform,94.5"" Lift Height, UL Certified Moto",ELTD22L,310005,"$3,099.00","$3,599.00",500.00,14%,Yes
"4400lbs Capacity Stationary Electric Hydraulic Double Scissor Lift Table, 51.2” x 33.5” Platform, 70.1” Lift Height, UL Certified Motor",ELTD44,310006,"$2,299.00","$2,899.00",600.00,21%,Yes
"4400 lb Capacity Stationary Electric Hydraulic Double Scissor Lift Table – 63"" x 39.4"" Platform, 70.1"" Lift Height, UL Certified Motor",ELTD44L,310007,"$2,699.00","$3,299.00",600.00,18%,Yes
"Stationary Electric Hydraulic Parallel Double Scissor Lift Table 3300lb Capacity, 108.3” x 31.5”Platform,33.9”Lift Height,UL Certified Motor",ELT33P,310008,"$3,999.00","$4,699.00",700.00,15%,Yes
"Stationary Electric Hydraulic Parallel Double Scissor Lift Table 6600lb Capacity, 112.9” x 39.4”Platform, 34.3”Lift Height,UL Certified Motor",ELT66P,310009,"$4,399.00","$5,199.00",800.00,15%,Yes
"Mobile Scissor Lift Table Cart 2200lbs Capacity, Platform Size, 39.4” x 20.2”, Height 39.4”",TF22,310010,$849.00,$949.00,100.00,11%,Yes
"Mobile Double Scissor Lift Table Cart 2200lbs Capacity, Platform Size, 47.2” x 24”, Height 66.9”",TFD22,310011,"$1,099.00","$1,349.00",250.00,19%,Yes
12Gal Industrial Ultrasonic Cleaner 220V 1Ph with Digital Heater Timer,UC12,320001,"$1,799.00","$2,199.00",400.00,18%,Yes
32Gal Industrial Ultrasonic Cleaner 220V 3Ph with Digital Heater Timer,UC32,320002,"$3,099.00","$3,999.00",900.00,23%,Yes
81Gal Industrial Ultrasonic Cleaner With Automatic Oil Skimmer 220V 3Ph,UC81A,320003,"$6,399.00","$8,499.00","2,100.00",25%,Yes
81Gal Industrial Ultrasonic Cleaner 220V 3Ph with Digital Heater Timer,UC81B,320004,"$5,799.00","$7,499.00","1,700.00",23%,Yes
110Gal Industrial Ultrasonic Cleaner With Automatic Oil Skimmer 220V 3Ph,UC110A,320005,"$7,399.00","$9,599.00","2,200.00",23%,Yes
110Gal Industrial Ultrasonic Cleaner 220V 3Ph with Digital Heater Timer,UC110B,320006,"$6,499.00","$8,499.00","2,000.00",24%,Yes
16FT HVLS Industrial Ceiling Fan 220V 3-Phase - Energy Efficient Large Area Air Circulation for Fan Warehouses & Factories,16FT3PH,330001,"$2,899.00","$3,499.00",600.00,17%,Yes
16FT HVLS Industrial Ceiling Fan 220V 1-Phase - Energy Efficient Large Area Air Circulation for Fan Warehouses & Factories,16FT1PH,330002,"$2,899.00","$3,499.00",600.00,17%,Yes
18FT HVLS Industrial Ceiling Fan 220V 3-Phase - Energy Efficient Large Area Air Circulation for Fan Warehouses & Factories,18FT3PH,330003,"$3,499.00","$3,899.00",400.00,10%,Yes
18FT HVLS Industrial Ceiling Fan 220V 1-Phase - Energy Efficient Large Area Air Circulation for Fan Warehouses & Factories,18FT1PH,330004,"$3,499.00","$3,899.00",400.00,10%,Yes
20FT HVLS Industrial Ceiling Fan 220V 3-Phase - Energy Efficient Large Area Air Circulation for Fan Warehouses & Factories 20FT3PH,20FT3PH,330005,"$3,299.00","$3,499.00",200.00,6%,Yes
"20FT HVLS Industrial Ceiling Fan 220V 1-Phase - Energy Efficient Large Area Air Circulation for Fan Warehouses & Factories, 20FT1PH",20FT 1PH,330006,"$3,299.00","$3,499.00",200.00,6%,Yes
24FT HVLS Industrial Ceiling Fan 220V 3-Phase - Energy Efficient Large Area Air Circulation for Fan Warehouses & Factories,24FT 3PH,330007,"$3,299.00","$3,499.00",200.00,6%,Yes
"24FT HVLS Industrial Ceiling Fan 220V 1-Phase - Energy Efficient Large Area Air Circulation Fan for Warehouses & Factories,",24FT 1PH,330008,"$3,299.00","$3,499.00",200.00,6%,Yes
16x24 Inch Commercial Pneumatic Dual Platen Heat Press - Auto Lift Digital Sublimation Transfer Machine with AIRTAC Pneumatic Parts & Adjustable Pressure (110V 2.2HP),PUD1624,501000,"$1,399.00","$1,689.00",290.00,17%,Yes
16x24 Inch Commercial Pneumatic Dual Platen Heat Press - Auto Lift Digital Sublimation Transfer Machine with Full Touch LCD Screen & AIRTAC Pneumatic Parts (110V 2.2HP),PUD1624LCD,501001,"$1,399.00","$1,689.00",290.00,17%,Yes
16x24 Inch Commercial Pneumatic Dual Platen Heat Press - Infrared Positioning Auto Lift Sublimation Transfer Machine Digital LCD Control (110V 2.2HP),PUD1624-L,501002,"$1,499.00","$1,799.00",300.00,17%,Yes
16x24 Inch Commercial Pneumatic Dual Platen Heat Press - Infrared Positioning Auto Lift Sublimation Transfer Machine with Full Touch LCD Screen (110V 2.2HP),PUD1624LCD-L,501003,"$1,499.00","$1,799.00",300.00,17%,Yes
16x24 Inch Commercial Pneumatic Dual Platen Heat Press - Auto Lift Sublimation Transfer Machine with Storage Base Cabinet (110V 1650W),PUD1624-C,501004,"$1,499.00","$2,399.00",900.00,38%,Yes
20x24 Inch (50x60cm) Commercial Pneumatic Dual Platen Heat Press Auto Lift Sublimation Transfer Machine with AIRTAC Pneumatic Components (110V 4HP),PUD2024,501005,"$1,799.00","$2,399.00",600.00,25%,Yes
24x32 Inch (60x80cm) Industrial Pneumatic Dual Platen Heat Press - Auto Lift Digital Sublimation Transfer Machine (220V 8HP),501006,501006,"$1,999.00","$2,499.00",500.00,20%,Yes
24x32 Inch (60x80cm) Industrial Pneumatic Single Station Heat Press Slide-Out Worktable LCD Touchscreen Sublimation Machine with AIRTAC Pneumatic Components (220V 8HP),PS2432S,501007,"$1,999.00","$2,399.00",400.00,17%,Yes
"24""x32"" Large Format Manual Heat Press Machine 220V 6.4HP Digital Control for T-Shirts & Sublimation (No Plug)",MS2432,501008,"$1,399.00","$1,599.00",200.00,13%,Yes
"16""x24"" (40x60cm) Manual Heat Press 110V 1.87HP/1400W - Teflon-Coated Aluminum Heating Plate, Iron Worktable, High Pressure for Heat Transfer",MS1624-I,501011,$349.00,$349.00,0.00,0%,Yes
"16""x24"" Auto Open Dual Platen Heat Press Machine 110V 1.87HP 1400W -Semi-Automatic Magnetic Lift & Digital LCD Display Teflon-Coated Ultra-Precision Heating for T-Shirts, Bags, Pillows, Ceramics",,501010,"$1,099.00","$1,258.00",159.00,13%,Yes
"8 Gallon Air Compressor 600W 110V Oil-Free Quiet Electric Air Pump - 0.7MPa, 40L/min",PC-30,501013,$198.00,$209.00,11.00,5%,Yes
"65"" Wide Format Full-Auto Cold & Heat Assisted Pneumatic Laminator Machine with 4 Trimmers, Max Speed 40ft/min, 63"" Max Width, 1.1"" Max Thickness, Infrared Heating, Digital Control Pneumatic Roller Lifting (Requires Air Compressor, Not Included)",1700-B1,501014,"$2,199.00","$2,899.00",700.00,24%,Yes
"65"" Wide Format Full-Auto Cold & Heat Assisted Pneumatic Laminator Machine with 4 Trimmers, Max Speed 40ft/min, 63"" Max Width, 1.1"" Max Thickness, Infrared Heating, Digital Control Pneumatic Roller Lifting (Requires Air Compressor, Not Included)",1700-B2,501015,"$1,999.00","$2,699.00",700.00,26%,Yes
"67"" Wide Format Full - Auto Cold & Heat Assisted Pneumatic Laminator Machine (Model 1700 - A1) with 4 Trimmers, Max Speed 65.6 ft/min, 63"" Max Width, 1.88"" Max Thickness, Infrared Heating, Digital Control (Requires Air Compressor, Not Included)",1700-A1,501016,"$3,599.00","$4,699.00","1,100.00",23%,Yes
"63"" Wide Format Pneumatic Laminator Manual Cold Laminating Machine 60"" Max Laminating Width,Pneumatic Roller Lift & Wear-Resistant Rubber Roller Portable Stand Included, 0.78"" Max Thickness (Requires Air Compressor, Not Included)",1600-C1,501017,"$1,199.00","$1,449.00",250.00,17%,Yes
"63"" Wide Format Pneumatic Laminator Manual Cold Laminating Machine 60"" Max Laminating Width,Pneumatic Roller Lift Portable Stand Included, 0.78"" Max Thickness (Requires Air Compressor, Not Included)",1600-C2,501018,"$1,499.00","$1,699.00",200.00,12%,Yes
"63"" Wide Format Pneumatic Laminator Manual Cold Laminating Machine 60"" Max Laminating Width,Pneumatic Roller Lift Portable Stand Included, 0.78"" Max Thickness (Requires Air Compressor, Not Included)",1600-C3Pro,501019,"$1,599.00","$1,799.00",200.00,11%,Yes
"67"" Wide Format Full Auto Cold & Heat Assisted Pneumatic Laminator Machine with 4 Trimmers, Max Speed 52.5 ft/min, 63"" Max Laminating Width, 1.1"" Max Thickness, Infrared Heating, Digital Control (Requires Air Compressor, Not Included)",1700-A3,501020,"$3,299.00","$4,499.00","1,200.00",27%,Yes
"6""x20'' Benchtop Mill Drill Machine, Variable Speed, R8 Spindle, 1 HP, 110V, Brushless Motor Compact Milling Drilling Tool for Garage Shop, DIY Metalworking without Stand",VM18L,500200,"$1,199.00","$1,499.00",300.00,20%,Yes
"6""x20'' Benchtop Mill Drill Machine with DRO Brushless Motor, Variable Speed, R8 Spindle, 1 HP, 110V, Compact Milling Drilling Tool for Garage Shop, DIY Metalworking without Stand",VM18LD,500201,"$1,599.00","$1,799.00",200.00,11%,Yes
"7‘’ x 27-1/2‘’ Benchtop Mini Mill Drill Machine, Variable Speed, Brshless Motor, R8 Spindle, 1.5 HP, 110V, Compact Milling Drilling Tool for Garage Shop, DIY Metalworking without Stand",VM25L,500202,"$1,799.00","$2,199.00",400.00,18%,Yes
"1.5HP 7‘’x 27-1/2‘’ Benchtop Mini Mill Drill Machine, Variable Speed, R8 Spindle, Brushless Motor, 110V, Compact Milling Drilling Tool for Garage Shop, DIY Metalworking without Stand",VM25LD,500203,"$2,099.00","$2,599.00",500.00,19%,Yes
"8-1/4""x33'' Industrial Benchtop Mill Drill Machine Brushless Motor, Variable Speed, R8 Spindle, 2 HP, 110V, Compact Milling Drilling Tool for Garage Shop, DIY Metalworking without Stand",VM32L,500204,"$2,299.00","$2,799.00",500.00,18%,Yes
"8-1/4""x33'' Industrial Benchtop Mill Drill Machine with DRO, Variable Speed, Brushless Motor, R8 Spindle, 2 HP, 110V, Compact Milling Drilling Tool for Garage Shop, DIY Metalworking without Stand",VM32LD,500205,"$2,899.00","$3,499.00",600.00,17%,Yes
1.5‘’ Spindle Bore Metal Lathe Machine 8'' x 16'' High Precision Brushless Motor Mini 1.5HP Benchtop 0-2500 RPM Variable Speed Metal Working Machine 1.5‘’ Spindle Bore Small Lathe without Stand,0831V,500003,"$1,199.00","$1,499.00",300.00,20%,Yes
1.5‘’ Spindle Bore Metal Lathe Machine with DRO 8'' x 16'' High Precision Brushless Motor Mini 1.5HP Benchtop 0-2500 RPM Variable Speed Metal Working Machine 1.5‘’ Spindle Bore Small Lathe without Stand,0831VD,500004,"$1,499.00","$1,999.00",500.00,25%,Yes
10'' x 22'' Industrial Metal Lathe Machine High Precision Benchtop 1.5HP Brushless Motor 0-2000 RPM Variable Speed Metal Working Machine Small Lathe without Stand,1022V,500014,"$2,099.00","$2,599.00",500.00,19%,Yes
10'' x 22'' Industrial Metal Lathe Machine with DRO High Precision Benchtop 1.5HP Brushless Motor 0-2000 RPM Variable Speed Metal Working Machine Small Lathe without Stand,1022VD,500015,"$2,399.00","$2,899.00",500.00,17%,Yes
1.5‘’ Spindle Bore Metal Lathe Machine 10'' x 30'' High Precision Brushless Motor Benchtop 0-2000 RPM Variable Speed Metal Working Machine 1.5HP Small Lathe without Stand,1030V,500005,"$2,299.00","$2,799.00",500.00,18%,Yes
1.5‘’ Spindle Bore Metal Lathe Machine with DRO 10'' x 30'' High Precision Benchtop 0-2000 RPM Variable Speed Metal Working Machine 1.5HP Small Lathe without Stand,1030VD,500006,"$2,599.00","$3,199.00",600.00,19%,Yes
Metal Lathe Machine 11'' x 30'' High Precision Benchtop Brushless Motor 0-2000 RPM Variable Speed Metal Working Machine 2HP Small Lathe without Stand,1130V,500007,"$2,899.00","$3,699.00",800.00,22%,Yes
Metal Lathe Machine 11'' x 30'' High Precision Benchtop Brushless Motor 0-2000 RPM Variable Speed Metal Working Machine 2HP Small Lathe without Stand,1130VD,500008,"$3,199.00","$4,099.00",900.00,22%,Yes
"1.5 HP 10'' x 30'' Combination Lathe Milling Drilling Machine, 1.5'' Spindle Bore, 0-2000 RPM Variable Speed, High Precision Benchtop Lathe for Metalworking – Without Stand",1030VC,500101,"$3,299.00","$4,199.00",900.00,21%,Yes
"2 HP 11'' x 30'' Combination Lathe Milling Drilling Machine Brushless Motor, 1.5'' Spindle Bore, 0-2000 RPM Variable Speed, High Precision Benchtop Lathe for Metalworking – Without Stand",1130VC,500102,"$3,999.00","$4,899.00",900.00,18%,Yes
"1 HP 16''x16'' Multi-Function Metal Lathe Milling Machine Head for Metalworking Combo Lathe, Drilling, and Milling Operations with Powerful Motor, Perfect for DIY, Workshops, and Professional Combination Metalworking Projects without Stand",HQ400,500103,"$1,899.00","$2,299.00",400.00,17%,Yes
"1 HP 16''x32'' Multi-Function Metal Lathe Milling Machine Head for Metalworking – Lathe, Drilling, and Milling Operations with Powerful Motor, Perfect for DIY, Workshops, and Professional Metalworking Projects without Stand",CLM1632,500105,"$2,499.00","$2,699.00",200.00,7%,Yes
Industrial Metal Lathe Machine with DRO 14' x 40'' High Precision 84-1850 RPM Variable Speed Metal Working Machine 2HP Small Lathe with Stand,1440G,500009,"$5,999.00","$7,399.00","1,400.00",19%,Yes
"13"" x 40"" Industrial Heavy Duty Bench Metal Lathe 2HP/1500W Metal Working Lathe High Precision 70-2000 RPM Variable Speed with Four-axis sliding system",1340G,500013,"$5,599.00","$6,699.00","1,100.00",16%,Yes
"Full Norton Gear Box 13"" x 37"" Industrial Heavy Duty Bench Metal Lathe 1.5HP/1100W Metal Working Lathe High Precision 64-1500 RPM Variable Speed",1337G4,500011,"$4,699.00","$5,999.00","1,300.00",22%,Yes
"13"" x 37"" Industrial Heavy Duty Bench Metal Lathe 1.5HP/1100W Metal Working Lathe High Precision 64-1500 RPM Variable Speed with Four-axis sliding system",1337GN,500012,"$4,899.00","$6,199.00","1,300.00",21%,Yes
"14"" x 40"" Industrial Metal Lathe Machine with Variable Speed DRO Gunsmith Gearhead Precision Turning Drilling Belt Drive",1440GV+dro,500010,"$6,999.00","$9,499.00","2,500.00",26%,Yes
"48"" Manual Pan and Box Brake - 16 Gauge Mild Steel Capacity, 135° Bending Angle, 16 Precision Fingers, Durable Construction for Accurate Bends""",PB4816,500301,"$1,199.00","$1,469.00",270.00,18%,Yes
"48” Manual Pan and Box Brake - Heavy Duty, Durable Construction, 12 Gauge Mild Steel, 135° Bending Angle, Individual Bending Fingers""",PB4812,500302,"$2,499.00","$2,999.00",500.00,17%,Yes
"80-inch Manual Sheet Metal Brake - 12 Gauge Bending Capacity, Adjustable Fingers, 6 Ft. Heavy-Duty Steel Construction for Precision Bending",PB8012,500303,"$5,099.00","$6,650.00","1,551.00",23%,Yes
"100-inch Manual Sheet Metal Brake - 12 Gauge Bending Capacity, Adjustable Fingers, 8 Ft. Heavy-Duty Steel Construction, Precision Bending for Box and Pan",PB10012,500304,"$7,599.00","$9,999.00","2,400.00",24%,Yes
"120-inch Manual Sheet Metal Brake - 14 Gauge Bending Capacity, Adjustable Fingers, Heavy-Duty Steel Construction, Precision Bending for Box and Pan",PB12014,500305,"$8,699.00","$10,999.00","2,300.00",21%,Yes
"30-inch 3-in-1 Pan and Box Brake – Slip Roll, Shear, Bending Machine for Sheet Metal, 20 Gauge Mild Steel, Adjustable Fingers, Heavy Duty, Metalworking, Fabrication, Rolling, Bending",MMCB3016,500306,$999.00,"$1,099.00",100.00,9%,Yes
"40-inch 3-in-1 Pan and Box Brake – Slip Roll, Shear, Bending Machine for Sheet Metal, 20 Gauge Mild Steel, Adjustable Fingers, Heavy Duty, Metalworking, Fabrication, Rolling, Bending",MMCB4020,500307,"$1,299.00","$1,399.00",100.00,7%,Yes
"52-inch 3-in-1 Pan and Box Brake – Slip Roll, Shear, Bending Machine for Sheet Metal, 20 Gauge Mild Steel, Adjustable Fingers, Heavy Duty, Metalworking, Fabrication, Rolling, Bending",MMCB5220,500308,"$1,999.00","$2,449.00",450.00,18%,Yes
"52-inch 3-in-1 Heavy Duty Pan and Box Brake – Slip Roll, Shear, Bending Machine for Sheet Metal, 16 Gauge Mild Steel, Adjustable Fingers, Heavy Duty, Metalworking, Fabrication, Rolling, Bending",MMCB5216,500309,"$2,299.00","$2,779.00",480.00,17%,Yes
"50-Inch Foot Clamp Pan and Box Brake, Light Duty Sheet Metal Folding Machine, 0–135° Bending Angle, 1.9"" Clamping Lift, 2"" Box Depth",PBA5014,500310,"$2,399.00","$2,899.00",500.00,17%,Yes
"50-Inch Foot Clamp Pan and Box Brake, Industrial Heavy Duty Sheet Metal Folding Machine, 0–135° Bending Angle, 1.9"" Clamping Lift, 2"" Box Depth",PB2A5014,500311,"$2,499.00","$2,999.00",500.00,17%,Yes
48'' Industrial Magnetic Pan and BOX Heavy Duty Sheet Metal Brake 20 Gauge Capacity Shear Press Brake,MSMB1250E,500001,"$2,399.00","$2,699.00",300.00,11%,Yes
24'' Industrial Magnetic Pan and BOX Heavy Duty Sheet Metal Brake 20 Gauge Capacity Shear Press Brake,MSMB650E,500000,"$1,599.00","$1,799.00",200.00,11%,Yes
"48"" Skid Steer Stump Bucket Wrecker with Universal Quick Attach, Bolt-On Cutting Teeth",SBE53,201048,"$1,099.00","$1,299.00",200.00,15%,Yes
"72"" Skid Steer Land Plane with 7 Adjustable Scarifier Shanks, Removable Sift Screen and Bolt-On Cutting Blades",SSLP72,201030,"$1,699.00","$2,099.00",400.00,19%,Yes
"84"" Skid Steer Land Plane with 8 Adjustable Scarifier Shanks, Removable Sift Screen and Bolt-On Cutting Blades",SSLP84,201031,"$1,899.00","$2,249.00",350.00,16%,Yes
"Adjustable Skid Steer Crane Jib Attachment, Manual Telescopic Manual Telescoping 6 FT - 10 FT, 5000 lbs Max Capacity",SSCJ50,201032,"$1,299.00","$1,499.00",200.00,13%,Yes
"MechMaxx 68"" Hydraulic Skid Steer Flail Mower Attachment",SSFM-70,150150,"$2,599.00","$3,399.00",800.00,24%,Yes
"Stump Grinder Attachment for Skid Steer Loader With 34 Carbide Teeth, 18-23 GPM",SG61,150501,"$2,599.00","$2,999.00",400.00,13%,Yes
"50"" Skid Steer Rotary Log Grapple, 360° Rotation, 3000 Lbs Capacity",RLG-50,150157,"$2,799.00","$3,899.00","1,100.00",28%,Yes
1100lb 420cc E-start Gas Engine Stand-ON Hydraulic Track Dumper Hydraulic Tipping and Lifting with Self-Loading,T80HL,101301,"$5,499.00","$7,299.00","1,800.00",25%,Yes
"20'' Flywheel Diameter Mini Skid Steer Stump Grinder with 24 Carbide Teeth, MSG20",MSG20,150602,"$1,699.00","$2,299.00",600.00,26%,Yes
"100"" Heavy Duty 3 Point Offset Ditch Bank Verge Flail Mower Italy CMR Gearbox, 80-120HP, PTO Driven, VBM100",VBM100,150290,"$5,199.00","$6,999.00","1,800.00",26%,Yes
Hay Baler & Hay Wrapper Combo,"HB3120, HW20",150218,"$5,359.00","$6,699.00","1,340.00",20%,Yes
Hay Baler & Hay Rake Tedder Combo,"HB3120, HT100",150219,"$5,519.00","$6,899.00","1,380.00",20%,Yes
Hay Baler & Hay Wrapper & Hay Rake Tedder Combo,"HB3120, HW20, HT100",150220,"$7,039.00","$8,799.00","1,760.00",20%,Yes
Hay Baler & Hay Rake Tedder & Disc Mower Combo,"HB3120, HT100, DM6",150233,"$8,999.00","$10,599.00","1,600.00",15%,Yes
Hay Baler & Hay Rake Tedder & Disc Mower Combo,"HB3120, HT100, DM8",150234,"$9,799.00","$11,299.00","1,500.00",13%,Yes
"53"" 3-Point Drum Mower for Tractor, 25-40HP Tractor, DM53",DM53,150235,"$1,799.00","$2,199.00",400.00,18%,Yes
"36"" MAX Portable Sawmill, 25HP 750cc ZONSEN V-Twin Engine, 36"" Board Width, 20' Track Length, SM-36MAX",SM36,150268,"$2,999.00","$3,599.00",600.00,17%,Yes
Product title unavailable in source sheet — verify SKU 1502476,N/A — verify SKU,1502476,"$1,599.00",,"-1,599.00",,Yes
"Mini Compact Excavator Loncin 300cc 9hp Engine, 43.3"" Max. Digging Depth, 1345 LBS Operating Weight, MEC06",MEC06,150536,"$3,699.00","$4,999.00","1,300.00",26%,Yes
5-Piece Mini Excavator Attachment Set for Mini Compact Excavator (SKU: 150536),MEC06 Attachment Set,150554,$559.00,$599.00,40.00,7%,Yes
High Performance Tilt Back Tire Changer Wheel Changer with Multi-Function Assist Arm and Bead Blaster,TC968,200028,"$2,159.00","$2,699.00",540.00,20%,Yes
1.5 HP Swing Arm Tire Changer Wheel Balancer Combo,TC964,200029,"$1,899.00","$2,299.00",400.00,17%,Yes
"24"" Rim Swing Arm Tire Changer Wheel Balancer Combo",TC966,200030,"$2,099.00","$2,499.00",400.00,16%,Yes
"24"" Rim Assist Arm Tire Changer Wheel Balancer Combo",TC9661,200031,"$2,299.00","$2,799.00",500.00,18%,Yes
"24"" Rim Double Assist Arms Tire Changer Wheel Balancer Combo",TC9662,200032,"$2,399.00","$2,899.00",500.00,17%,Yes
High Performance Tilt Back Tire Changer Wheel Balancer Combo,TC968,200033,"$2,499.00","$3,099.00",600.00,19%,Yes
High Performance Tilt Back Tire Changer Wheel Balancer Combo,TC968,200034,"$2,899.00","$3,599.00",700.00,19%,Yes
High Performance Tilt Back Tire Changer Wheel Balancer Combo,TC968,200035,"$2,899.00","$3,599.00",700.00,19%,Yes
High Performance Tilt Back Tire Changer Wheel Balancer Combo,TC968,200036,"$3,199.00","$4,099.00",900.00,22%,Yes
"24"" Rim Assist Arm Tire Changer Wheel Balancer Combo,",TC9661,200037,"$2,599.00","$3,299.00",700.00,21%,Yes
"24"" Rim Double Assist Arms Tire Changer Wheel Balancer Combo",TC9662,200038,"$2,699.00","$3,399.00",700.00,21%,Yes
Heavy Duty 3 Shank Subsoiler Plow Ground Ripper 3 Point Hitch Cat1&2,SS3S,201008,"$1,639.00","$2,049.00",410.00,20%,Yes
"2200lb Capacity Stationary Electric Hydraulic Lift Table, 51.2"" x 32.3"" Platform, 39.4"" Lift Height, UL Certified Motor, ELT22",ELT22,310001B,"$1,799.00","$2,299.00",500.00,22%,Yes
"2200lb Capacity Stationary Electric Hydraulic Lift Table, 51.2"" x 32.3"" Platform, 39.4"" Lift Height, UL Certified Motor, ELT22",ELT22,310001Y,"$1,799.00","$2,299.00",500.00,22%,Yes
"4400lbs Capacity Stationary Powered Hydraulic Lift Table, 51.2"" x 33.5"" Platform, 41.3"" Lift Height, UL Certified Motor, ELT44",ELT44,310002B,"$2,099.00","$2,599.00",500.00,19%,Yes
"4400lbs Capacity Stationary Powered Hydraulic Lift Table, 51.2"" x 33.5"" Platform, 41.3"" Lift Height, UL Certified Motor, ELT44",ELT44,310002Y,"$2,099.00","$2,599.00",500.00,19%,Yes
"2200 lbs Capacity Stationary Electric Hydraulic Double Scissor Lift Table, 51.2"" x 32.3"" Platform, 70.1"" Lift Height, UL Certified Motor, ELTD22",ELTD22,310004B,"$2,099.00","$2,599.00",500.00,19%,Yes
"2200 lbs Capacity Stationary Electric Hydraulic Double Scissor Lift Table, 51.2"" x 32.3"" Platform, 70.1"" Lift Height, UL Certified Motor, ELTD22",ELTD22,310004Y,"$2,099.00","$2,599.00",500.00,19%,Yes
"33.9"" Wide CB-H1 Horizontal Laminar Flow Clean Bench with HEPA Filtration & UV Sterilization | ISO Class 5",CB-H1,321001,"$1,399.00","$1,649.00",250.00,15%,Yes
"33.9"" Wide CB-V1 Vertical Laminar Flow Clean Bench with HEPA Filtration & UV Sterilization | ISO Class 5",CB-V1,321002,"$1,399.00","$1,649.00",250.00,15%,Yes
"53.5"" Wide CB-H2 Horizontal Laminar Flow Clean Bench with HEPA Filtration & UV Sterilization | ISO Class 5",CB-H2,321003,"$1,899.00","$2,249.00",350.00,16%,Yes
"53.5"" Wide CB-V2 Vertical Laminar Flow Clean Bench with HEPA Filtration & UV Sterilization | ISO Class 5",CB-V2,321004,"$1,899.00","$2,249.00",350.00,16%,Yes
"39"" Wide CB-H1Pro Horizontal Laminar Flow Clean Bench with HEPA Filtration & UV Sterilization | ISO Class 5",CB-H1Pro,321005,"$1,699.00","$2,149.00",450.00,21%,Yes
"39"" Wide CB-V1Pro Vertical Laminar Flow Clean Bench with HEPA Filtration & UV Sterilization | ISO Class 5",CB-V1Pro,321006,"$1,699.00","$2,199.00",500.00,23%,Yes
"57.5"" Wide CB-H2Pro Horizontal Laminar Flow Clean Bench with HEPA Filtration & UV Sterilization | ISO Class 5",CB-H2Pro,321007,"$2,799.00","$3,199.00",400.00,13%,Yes
"57.5"" Wide CB-V2Pro Vertical Laminar Flow Clean Bench with HEPA Filtration & UV Sterilization | ISO Class 5",CB-V2Pro,321008,"$2,799.00","$3,299.00",500.00,15%,Yes
"26"" Wide CB-65Slim Desktop Vertical Laminar Flow Clean Bench with HEPA Filtration & UV Sterilization | ISO Class 5",CB-65Slim,321009,$599.00,$699.00,100.00,14%,Yes
"31.9"" Wide CB-80Slim Desktop Vertical Laminar Flow Clean Bench with HEPA Filtration & UV Sterilization | ISO Class 5",CB-80Slim,321010,$699.00,$799.00,100.00,13%,Yes
"10HP Rotary Screw Air Compressor - 32 CFM, 116 PSI, 460V 3-Phase | Industrial-Grade",M10AC460,300023,"$2,199.00","$2,999.00",800.00,27%,Yes
"15HP Combined Rotary Screw Air Compressor with Dryer & 105-Gal ASME Tank | 45 CFM, 116 PSI, 460V 3-Phase - Industrial Grade",M15AC460,300022,"$3,099.00","$3,999.00",900.00,23%,Yes
"10HP Combined Rotary Screw Air Compressor with Dryer & 66-Gal ASME Tank | 32 CFM, 116 PSI, 460V 3-Phase - Industrial Grade",ML1046,300019,"$5,199.00","$6,599.00","1,400.00",21%,Yes
"15HP Combined Rotary Screw Air Compressor with Dryer & 105-Gal ASME Tank | 45 CFM, 116 PSI, 460V 3-Phase - Industrial Grade",ML1546,300020,"$6,299.00","$7,799.00","1,500.00",19%,Yes
"47"" Portable Industrial Fan with Variable High-Efficiency PMSM Motor, Mobile High Volume Floor Fan for Warehouse, Workshop & Gym",MF-47,331001,"$1,699.00","$2,199.00",500.00,23%,Yes
"59"" Portable Industrial Fan with Variable High-Efficiency PMSM Motor, Mobile High Volume Floor Fan for Warehouse, Workshop & Gym",MF-59,331002,"$1,899.00","$2,499.00",600.00,24%,Yes
"59"" Portable Industrial Fan with Variable High-Efficiency PMSM Motor, Tiltable Mobile High Volume Floor Fan for Warehouse, Workshop & Gym",MF-59T,331003,"$2,199.00","$2,699.00",500.00,19%,Yes
"79"" Portable Industrial Fan with Variable High-Efficiency PMSM Motor, Mobile High Volume Floor Fan for Warehouse, Workshop & Gym",MF-79,331004,"$2,499.00","$3,099.00",600.00,19%,Yes
"79"" Portable Industrial Fan with Variable High-Efficiency PMSM Motor, Tiltable Mobile High Volume Floor Fan for Warehouse, Workshop & Gym",MF-79T,331005,"$2,799.00","$3,399.00",600.00,18%,Yes
"32""x40"" (80x100cm) Large Format Manual Heat Press Machine - 220V 8.4HP/6300W for Sublimation & Heat Transfer MS2432",MS2432,501009,"$1,899.00","$2,599.00",700.00,27%,Yes
"16""x24"" Manual Heat Press 110V 1.87HP/1400W - Teflon-Coated Aluminum Heating Plate,Aluminum Worktable, Digital Control for T-Shirts/Sublimation",MS1624-A,501012,$399.00,$429.00,30.00,7%,Yes
"60"" 6-Way Rear Blade 3 Point Hitch Tractor Attachment, RB60S",RB60S,201036,"$1,059.00","$1,359.00",300.00,22%,Yes
"72"" 6-Way Rear Blade 3 Point Hitch Tractor Attachment, RB72S",RB72S,201037,"$1,159.00","$1,459.00",300.00,21%,Yes
"84"" 6-Way Rear Blade 3 Point Hitch Tractor Attachment, RB84S",RB84S,201038,"$1,259.00","$1,559.00",300.00,19%,Yes
"60"" Heavy Duty 6-Way Rear Blade 3 Point Hitch Tractor Attachment, RB60SE",RB60SE,201039,"$1,299.00","$1,699.00",400.00,24%,Yes
"60"" Medium Duty Rotary Tiller",MRT60,201112,"$2,259.00","$2,599.00",340.00,13%,Yes